"time_id";"nome_time";"R1";"R2";"R3";"R4";"R5";"R6";"R7";"R8";"R9";"R10";"R11";"R12";"R13";"R14";"R15";"R16";"R17";"R18";"R19";"R20";"R21"
"28448371";"AcessoNegado FC";"Yuri Alberto|0.7";"Flaco López|4.9";"Flaco López|-0.6";"Carlos Vinícius|0.2";"Carlos Vinícius|12.7";"Carlos Vinícius|0.8";"Amuzu|11.5";"Amuzu|0.8";"Amuzu|2.4";"Amuzu|10.6";"Mendoza|12";"Pedro|7.9";"Viveros|21.1";"Flaco López|7.8";"Flaco López|4.4";"Neymar|3.9";"Neymar|0";"Pedro|20.4";"Yuri Alberto|19.9";"Carlos Vinícius|3.5";"Yuri Alberto|3.5"
"47807789";"ACTIVA EXPRESS F C";"Reinaldo|0.8";"Andreas Pereira|16.5";"Hulk|14.7";"Rony|2.2";"Luciano|9.8";"Flaco López|12.7";"Nathan Fogaça|0.7";"Andrés Gómez|8.3";"Kaio Jorge|8.8";"Everaldo|3";"Mendoza|12";"Andrés Gómez|16.9";"Luciano|11.8";"Luciano|1.2";"Flaco López|4.4";"Flaco López|5.9";"Carlos Vinícius|16.9";"Carlos Vinícius|2";"Pedro|18.8";"Pedro|1.7";"Samuel Lino|10.2"
"28174756";"Adm's Liga Falcões do Cartola";"Renato Kayzer|10.4";"Kaio Jorge|4.9";"Hulk|14.7";"Carlos Vinícius|0.2";"Calleri|12.1";"Flaco López|12.7";"Pedro|0";"Andrés Gómez|8.3";"Flaco López|3.5";"Carlos Vinícius|2.8";"Viveros|11.4";"Pedro|7.9";"Viveros|21.1";"Arthur Cabral|2.4";"Flaco López|4.4";"Neymar|3.9";"Pedro|2.1";"Pedro|20.4";"Pedro|18.8";"Viveros|19.2";"Yuri Alberto|3.5"
"48377946";"Alcalyon ";"Willian José|9.5";"Lucas Paquetá|5.6";"Vitor Roque|14";"Carlos Vinícius|0.2";"Carlos Vinícius|12.7";"Flaco López|12.7";"Neymar|9.4";"Pedro|6.1";"Neymar|7.8";"Carlos Vinícius|2.8";"Neymar|5.3";"Pedro|7.9";"Canobbio|10.4";"Pedro|11.8";"Flaco López|4.4";"Pedro|8.8";"Viveros|17.4";"Viveros|10.9";"Pedro|18.8";"Neymar|22.8";"Arrascaeta|1.8"
"49359599";"Aquila(tricolor)1993";"Borré|2.4";"Andrés Gómez|13.1";"Hulk|14.7";"Vitor Roque|21.2";"Calleri|12.1";"Flaco López|12.7";"Pedro|0";"Andrés Gómez|8.3";"Neymar|7.8";"Carlos Vinícius|2.8";"Viveros|11.4";"Pedro|7.9";"Calleri|2.7";"Arthur Cabral|2.4";"Flaco López|4.4";"Neymar|3.9";"Pedro|2.1";"Pedro|20.4";"Pedro|18.8";"Gabriel|2";"Yuri Alberto|3.5"
"1021009";"Aranha Timão";"Eduardo Sasha|3.9";"Kaio Jorge|4.9";"Hulk|14.7";"Carbonero|1.2";"Calleri|12.1";"Flaco López|12.7";"Pedro|0";"Andrés Gómez|8.3";"Flaco López|3.5";"Carlos Vinícius|2.8";"Viveros|11.4";"Flaco López|3.8";"Canobbio|10.4";"Pedro|11.8";"Pedro|0.4";"Viveros|9.1";"Luciano|7";"Viveros|10.9";"Pedro|18.8";"Viveros|19.2";"Yuri Alberto|3.5"
"944071";"Araraquara c1ube";"Alan Patrick|3";"Kaio Jorge|4.9";"Hulk|14.7";"Calleri|2.7";"Memphis Depay|-0.1";"Flaco López|12.7";"Willian José|5.2";"Andrés Gómez|8.3";"Neymar|7.8";"Carlos Vinícius|2.8";"Neymar|5.3";"Flaco López|3.8";"Viveros|21.1";"Viveros|1.6";"Flaco López|4.4";"Neymar|3.9";"Kaio Jorge|9.7";"Viveros|10.9";"Pedro|18.8";"Viveros|19.2";"Samuel Lino|10.2"
"29223116";"Atlético di Ferrari's";"Borré|2.4";"Kaio Jorge|4.9";"Kaio Jorge|9.2";"Borré|2.9";"Calleri|12.1";"Canobbio|10.4";"Pedro|0";"Andrés Gómez|8.3";"Kaio Jorge|8.8";"Carlos Vinícius|2.8";"Viveros|11.4";"Arthur Cabral|2.1";"Canobbio|10.4";"Matheus Martins|6.5";"Pedro|0.4";"Pedro|8.8";"Pedro|2.1";"Viveros|10.9";"Pedro|18.8";"Viveros|19.2";"Samuel Lino|10.2"
"748095";"AVATAR DU";"Borré|2.4";"Kaio Jorge|4.9";"Hulk|14.7";"Kaio Jorge|1.4";"Luciano|9.8";"Matheus Pereira|2.3";"Pedro|0";"Andrés Gómez|8.3";"Neymar|7.8";"Arrascaeta|1.8";"Viveros|11.4";"Arias|1.2";"Viveros|21.1";"Pedro|11.8";"Flaco López|4.4";"Flaco López|5.9";"Kaio Jorge|9.7";"Viveros|10.9";"Pedro|18.8";"Neymar|22.8";"Pedro|1.9"
"7284346";"Avatarzinho";"Borré|2.4";"Kaio Jorge|4.9";"Hulk|14.7";"Kaio Jorge|1.4";"Luciano|9.8";"Matheus Pereira|2.3";"Pedro|0";"Andrés Gómez|8.3";"Neymar|7.8";"Arrascaeta|1.8";"Viveros|11.4";"Arias|1.2";"Viveros|21.1";"Pedro|11.8";"Flaco López|4.4";"Flaco López|5.9";"Kaio Jorge|9.7";"Viveros|10.9";"Pedro|18.8";"Neymar|22.8";"Pedro|1.9"
"28698884";"Barcelusa 2022";"Borré|2.4";"Kaio Jorge|4.9";"Hulk|14.7";"Kaio Jorge|1.4";"Calleri|12.1";"Flaco López|12.7";"Pedro|0";"Pedro|6.1";"Kaio Jorge|8.8";"Carlos Vinícius|2.8";"Viveros|11.4";"Pedro|7.9";"Viveros|21.1";"Arthur Cabral|2.4";"Flaco López|4.4";"Neymar|3.9";"Pedro|2.1";"Pedro|20.4";"Pedro|18.8";"Gabriel|2";"Kaio César|2.8"
"25377957";"Benfica Portugal";"Borré|2.4";"Kaio Jorge|4.9";"Hulk|14.7";"Vitor Roque|21.2";"Calleri|12.1";"Flaco López|12.7";"Viveros|11.2";"Pedro|6.1";"Neymar|7.8";"Carlos Vinícius|2.8";"Viveros|11.4";"Flaco López|3.8";"Canobbio|10.4";"Arthur Cabral|2.4";"Flaco López|4.4";"Neymar|3.9";"Kaio Jorge|9.7";"Pedro|20.4";"Pedro|18.8";"Neymar|22.8";"Kaio César|2.8"
"2965879";"Bruno Cavalo FC";"Borré|2.4";"Flaco López|4.9";"Hulk|14.7";"Carlos Vinícius|0.2";"Luciano|9.8";"Lucas Ronier|3.7";"Arrascaeta|8";"Jean Lucas|5.7";"Lucas Ronier|12.3";"Carlos Vinícius|2.8";"Viveros|11.4";"Pedro|7.9";"Viveros|21.1";"Viveros|1.6";"Flaco López|4.4";"John Kennedy|10";"Kaio Jorge|9.7";"Viveros|10.9";"Pedro|18.8";"Pedro|1.7";"Pedro|1.9"
"29269714";"Bruno Cavalofc";"Borré|2.4";"Amuzu|11.2";"Viveros|12.8";"Flaco López|1.6";"Calleri|12.1";"Pedro Rocha|8.9";"Amuzu|11.5";"Vitinho|7.3";"Flaco López|3.5";"Carlos Vinícius|2.8";"Viveros|11.4";"Flaco López|3.8";"Viveros|21.1";"Danilo|5.3";"Flaco López|4.4";"Neymar|3.9";"Pedro|2.1";"Pedro|20.4";"Samuel Lino|11.6";"Samuel Lino|8.9";"Flaco López|2.2"
"84327";"BruxoVerde";"Borré|2.4";"Kaio Jorge|4.9";"Hulk|14.7";"Carlos Vinícius|0.2";"Carlos Vinícius|12.7";"Lucas Ronier|3.7";"Pedro|0";"Borré|4.5";"Neymar|7.8";"Carlos Vinícius|2.8";"Viveros|11.4";"Flaco López|3.8";"Viveros|21.1";"Arthur Cabral|2.4";"Flaco López|4.4";"Neymar|3.9";"Pedro|2.1";"Pedro|20.4";"Pedro|18.8";"Neymar|22.8";"Pedro|1.9"
"14377797";"CamargoLeme FC";"Borré|2.4";"Kaio Jorge|4.9";"Hulk|14.7";"Carlos Vinícius|0.2";"Calleri|12.1";"Flaco López|12.7";"Pedro|0";"Andrés Gómez|8.3";"Kaio Jorge|8.8";"Carlos Vinícius|2.8";"Viveros|11.4";"Pedro|7.9";"Viveros|21.1";"Pedro|11.8";"Flaco López|4.4";"Neymar|3.9";"Pedro|2.1";"Pedro|20.4";"Pedro|18.8";"Neymar|22.8";"Yuri Alberto|3.5"
"5374749";"Canalhas Jabaquara F.C.";"Borré|2.4";"Flaco López|4.9";"Flaco López|-0.6";"Carlos Vinícius|0.2";"Calleri|12.1";"Flaco López|12.7";"Negueba|1.7";"Andrés Gómez|8.3";"Neymar|7.8";"Carlos Vinícius|2.8";"Viveros|11.4";"Pedro|7.9";"Calleri|2.7";"Calleri|6";"Flaco López|4.4";"Alerrandro|14.4";"Kaio Jorge|9.7";"Viveros|10.9";"Pedro|18.8";"Gabriel|2";"Yuri Alberto|3.5"
"28650856";"Corsa de Vigo 2017";"Borré|2.4";"Kaio Jorge|4.9";"Hulk|14.7";"Carlos Vinícius|0.2";"Calleri|12.1";"Flaco López|12.7";"Pedro|0";"Pedro|6.1";"Neymar|7.8";"Carlos Vinícius|2.8";"Viveros|11.4";"Flaco López|3.8";"Viveros|21.1";"Arthur Cabral|2.4";"Flaco López|4.4";"Neymar|3.9";"Kaio Jorge|9.7";"Pedro|20.4";"Pedro|18.8";"Gabriel|2";"Kaio César|2.8"
"2696056";"De Marinha F.C";"Borré|2.4";"Kaio Jorge|4.9";"Hulk|14.7";"Kaio Jorge|1.4";"Calleri|12.1";"Flaco López|12.7";"Pedro|0";"Pedro|6.1";"Kaio Jorge|8.8";"Carlos Vinícius|2.8";"Viveros|11.4";"Pedro|7.9";"Viveros|21.1";"Pedro|11.8";"Flaco López|4.4";"Neymar|3.9";"Pedro|2.1";"Pedro|20.4";"Pedro|18.8";"Gabriel|2";"Yuri Alberto|3.5"
"4004636";"Don Cartolone F.C.";"Borré|2.4";"Kaio Jorge|4.9";"Hulk|14.7";"Borré|2.9";"Luciano|9.8";"Flaco López|12.7";"Pedro|0";"Andrés Gómez|8.3";"Flaco López|3.5";"Carlos Vinícius|2.8";"Mendoza|12";"Pedro|7.9";"Viveros|21.1";"Arthur Cabral|2.4";"Flaco López|4.4";"Neymar|3.9";"Kaio Jorge|9.7";"Pedro|20.4";"Pedro|18.8";"Lucas Barbosa|3.5";"Kaio César|2.8"
"29144677";"E.C. Pedro Riva";"Kaio Jorge|2.2";"Kaio Jorge|4.9";"Kaio Jorge|9.2";"Carlos Vinícius|0.2";"Carlos Vinícius|12.7";"Carlos Vinícius|0.8";"Amuzu|11.5";"Carlos Vinícius|9.7";"Neymar|7.8";"Carlos Vinícius|2.8";"Viveros|11.4";"Neymar|7.5";"Carlos Vinícius|1.4";"Pedro|11.8";"Neymar|10.5";"Neymar|3.9";"Pedro|2.1";"Pedro|20.4";"Pedro|18.8";"Pedro|1.7";"Bruno Henrique|6.5"
"14994410";"Estat_FC";"Borré|2.4";"Kaio Jorge|4.9";"Hulk|14.7";"Eduardo Sasha|2.1";"Calleri|12.1";"Flaco López|12.7";"Willian José|5.2";"Andrés Gómez|8.3";"Neymar|7.8";"Carlos Vinícius|2.8";"Viveros|11.4";"Flaco López|3.8";"Viveros|21.1";"Kaio Jorge|13";"Flaco López|4.4";"Neymar|3.9";"Pedro|2.1";"Viveros|10.9";"Pedro|18.8";"Viveros|19.2";"Pedro|1.9"
"25279461";"Estopim";"Borré|2.4";"Kaio Jorge|4.9";"Hulk|14.7";"Kaio Jorge|1.4";"Calleri|12.1";"Calleri|8.8";"Pedro|0";"Lucas Barbosa|15.2";"Kaio Jorge|8.8";"Pedro|9";"Samuel Lino|14";"Flaco López|3.8";"Viveros|21.1";"Viveros|1.6";"Flaco López|4.4";"Pedro|8.8";"Kaio Jorge|9.7";"Samuel Lino|26";"Pedro|18.8";"Gabriel|2";"Hulk|3.2"
"796608";"FAMÍLIA SAÚDE FC";"Borré|2.4";"Flaco López|4.9";"Negueba|13.5";"Alef Manga|10.1";"Hulk|8.2";"Renato Kayzer|6.9";"Flaco López|5.6";"Vitinho|7.3";"Kaio Jorge|8.8";"Samuel Lino|2.5";"Viveros|11.4";"Calleri|7";"Matheus Martins|7";"Matheus Martins|6.5";"Andrés Gómez|2.9";"Cuello|6";"Luciano|7";"Viveros|10.9";"Luciano|3.7";"Viveros|19.2";"Samuel Lino|10.2"
"13910119";"Febre do Porco";"Lucas Ronier|5";"Kaio Jorge|4.9";"Hulk|14.7";"Carlos Vinícius|0.2";"Carlos Vinícius|12.7";"Carlos Vinícius|0.8";"Pedro|0";"Vitor Roque|3";"Neymar|7.8";"Carlos Vinícius|2.8";"Kaio Jorge|0";"Arrascaeta|13";"Canobbio|10.4";"Arias|5.8";"Flaco López|4.4";"Neymar|3.9";"Kaio Jorge|9.7";"Pedro|20.4";"Pedro|18.8";"Bruno Henrique|3.2";"Hulk|3.2"
"29005848";"fiel Mikimba fc";"Alef Manga|0.9";"Kaio Jorge|4.9";"Kaio Jorge|9.2";"Carlos Vinícius|0.2";"Willian José|2.7";"Flaco López|12.7";"Flaco López|5.6";"Carlos Vinícius|9.7";"Carlos Vinícius|11";"Lucas Ronier|5";"Lucas Ronier|2.8";"Flaco López|3.8";"Canobbio|10.4";"Canobbio|1.2";"Alesson|3.5";"Arias|11.5";"Matheus Pereira|8.1";"Viveros|10.9";"Kaio Jorge|10.9";"Samuel Lino|8.9";"Yuri Alberto|3.5"
"26507394";"GARCIA_SCCP_1910";"Borré|2.4";"Kaio Jorge|4.9";"Hulk|14.7";"Breno Lopes|2.5";"Calleri|12.1";"Flaco López|12.7";"Cristian Olivera|8.4";"Canobbio|5.9";"Neymar|7.8";"Pedro|9";"Viveros|11.4";"Isidro Pitta|18";"Viveros|21.1";"Matheus Martins|6.5";"Flaco López|4.4";"Neymar|3.9";"Pedro|2.1";"Pedro|20.4";"Pedro|18.8";"Neymar|22.8";"Pedro|1.9"
"47656429";"JOJOBA1976 ";"Carbonero|0.5";"Kaio Jorge|4.9";"Hulk|14.7";"Kaio Jorge|1.4";"Calleri|12.1";"Flaco López|12.7";"Pedro|0";"Pedro|6.1";"Hulk|7";"Pedro|9";"Gabriel Taliari|2.9";"Lucas Ronier|4.9";"Pedro|15.6";"Calleri|6";"Lucas Ronier|4.6";"Pedro|8.8";"Kaio Jorge|9.7";"Pedro|20.4";"Pedro|18.8";"Neymar|22.8";"Pedro|1.9"
"3167098";"JUVENIL 15";"Alan Patrick|3";"Lucas Barbosa|3.3";"Viveros|12.8";"Lucas Barbosa|7.4";"Carlos Vinícius|12.7";"Lucho Acosta|6.3";"Arrascaeta|8";"Lucho Acosta|3.5";"Kaio Jorge|8.8";"Carlos Vinícius|2.8";"Kaio Jorge|0";"Flaco López|3.8";"Viveros|21.1";"Pedro|11.8";"Andrés Gómez|2.9";"Neymar|3.9";"Kaio Jorge|9.7";"Allan|-2.1";"Samuel Lino|11.6";"Samuel Lino|8.9";"Hulk|3.2"
"44775176";"LeomachadoSC";"Borré|2.4";"Kaio Jorge|4.9";"Hulk|14.7";"Carlos Vinícius|0.2";"Luciano|9.8";"Lucas Ronier|3.7";"Pedro|0";"Canobbio|5.9";"Neymar|7.8";"Carlos Vinícius|2.8";"Viveros|11.4";"Pedro|7.9";"Viveros|21.1";"Pedro|11.8";"Flaco López|4.4";"Neymar|3.9";"Pedro|2.1";"Pedro|20.4";"Pedro|18.8";"Neymar|22.8";"Kaio César|2.8"
"2159340";"LOUCOS POR PINGA F.C";"Borré|2.4";"Kaio Jorge|4.9";"Hulk|14.7";"Kaio Jorge|1.4";"Willian José|2.7";"Canobbio|10.4";"Pedro|0";"Andrés Gómez|8.3";"Neymar|7.8";"Carlos Vinícius|2.8";"Arthur Cabral|11.7";"Pedro|7.9";"Canobbio|10.4";"Viveros|1.6";"Flaco López|4.4";"Flaco López|5.9";"Andrés Gómez|2";"Pedro|20.4";"Pedro|18.8";"Viveros|19.2";"Yuri Alberto|3.5"
"9391447";"mansaoDosBons";"Borré|2.4";"Arthur Cabral|8.9";"Carlos Vinícius|0.7";"Viveros|4.8";"Calleri|12.1";"Flaco López|12.7";"Flaco López|5.6";"Andrés Gómez|8.3";"Arias|4.7";"Cuello|4.7";"John Kennedy|2";"Pedro|7.9";"Canobbio|10.4";"Flaco López|7.8";"Flaco López|4.4";"Neymar|3.9";"John Kennedy|3";"John Kennedy|10";"Kaio Jorge|10.9";"Gabriel|2";"Hulk|3.2"
"13955378";"Masayuki Tateoka FC";"Borré|2.4";"Kaio Jorge|4.9";"Hulk|14.7";"Carlos Vinícius|0.2";"Calleri|12.1";"Flaco López|12.7";"Arrascaeta|8";"Canobbio|5.9";"Neymar|7.8";"Pedro|9";"Viveros|11.4";"Pedro|7.9";"Calleri|2.7";"Flaco López|7.8";"Pedro|0.4";"Cuello|6";"Kaio Jorge|9.7";"Viveros|10.9";"Pedro|18.8";"Gabriel|2";"Canobbio|4.9"
"51044905";"Mik@ Pedroso fc";"Borré|2.4";"Flaco López|4.9";"Hulk|14.7";"Borré|2.9";"Luciano|9.8";"Lucas Ronier|3.7";"Pedro|0";"Pedro|6.1";"Neymar|7.8";"Pedro|9";"Viveros|11.4";"Pedro|7.9";"Viveros|21.1";"Pedro|11.8";"Flaco López|4.4";"Pedro|8.8";"Pedro|2.1";"Pedro|20.4";"Pedro|18.8";"Gabriel|2";"Pedro|1.9"
"8627629";"mika Do pedroso fc";"Borré|2.4";"Kaio Jorge|4.9";"Hulk|14.7";"Hulk|5.3";"Calleri|12.1";"Bolasie|0.9";"Pedro|0";"Andrés Gómez|8.3";"Neymar|7.8";"Carlos Vinícius|2.8";"Everaldo|2.4";"Flaco López|3.8";"Canobbio|10.4";"Danilo|5.3";"Pedro|0.4";"Neymar|3.9";"Pedro|2.1";"Gabriel|6";"Luciano|3.7";"Neymar|22.8";"Kaio César|2.8"
"25276259";"mikatuba fc";"Renato Kayzer|10.4";"Kaio Jorge|4.9";"Hulk|14.7";"Carlos Vinícius|0.2";"Calleri|12.1";"Flaco López|12.7";"Samuel Lino|10.4";"Canobbio|5.9";"Samuel Lino|1";"Carlos Vinícius|2.8";"Viveros|11.4";"Matheus Pereira|9.6";"Savarino|13.1";"Lucas Barbosa|13";"Pedro|0.4";"Lucho Acosta|5.5";"Luciano|7";"Viveros|10.9";"Samuel Lino|11.6";"Gabriel|2";"Pedro|1.9"
"2529723";"Monster Fut F.C";"Serna|0.5";"Kaio Jorge|4.9";"Hulk|14.7";"Lucas Ronier|11.4";"Luciano|9.8";"Flaco López|12.7";"Lucas Ronier|2";"Andrés Gómez|8.3";"Flaco López|3.5";"Carlos Vinícius|2.8";"Viveros|11.4";"Flaco López|3.8";"Canobbio|10.4";"Pedro|11.8";"Flaco López|4.4";"Neymar|3.9";"Kaio Jorge|9.7";"Paulinho|8";"Paulinho|0";"Viveros|19.2";"Yuri Alberto|3.5"
"18988681";"MOUSE FUTEBOL E CATCHUP";"Alan Patrick|3";"Kaio Jorge|4.9";"Vitor Roque|14";"Matheus Pereira|11.1";"Lucas Ramon|11.2";"Canobbio|10.4";"Pedro|0";"Lucho Acosta|3.5";"Flaco López|3.5";"Pedro|9";"Viveros|11.4";"Andrés Gómez|16.9";"Pedro|15.6";"Flaco López|7.8";"Neymar|10.5";"Neymar|3.9";"Kaio Jorge|9.7";"Viveros|10.9";"Pedro|18.8";"Neymar|22.8";"Yuri Alberto|3.5"
"7939743";"Oozma Kappa Ror FC";"Lucas Ronier|5";"Kaio Jorge|4.9";"Hulk|14.7";"Eduardo Sasha|2.1";"Canobbio|14.2";"Flaco López|12.7";"Pedro|0";"Andrés Gómez|8.3";"Neymar|7.8";"Carlos Vinícius|2.8";"Viveros|11.4";"Pedro|7.9";"Viveros|21.1";"Pedro|11.8";"Flaco López|4.4";"Neymar|3.9";"Pedro|2.1";"Pedro|20.4";"Pedro|18.8";"Gabriel|2";"Yuri Alberto|3.5"
"50263746";"Os Cozidos Do Jabuca Tradicao Cartoleiro";"Alef Manga|0.9";"Kaio Jorge|4.9";"Yuri Alberto|3";"Yuri Alberto|0";"Memphis Depay|-0.1";"Arias|6.4";"Yuri Alberto|1.2";"Yuri Alberto|10.9";"Kaio Jorge|8.8";"Carlos Vinícius|2.8";"Kayke|4.4";"Arias|1.2";"Carlos Vinícius|1.4";"Danilo|5.3";"Danilo|2";"Neymar|3.9";"Matheus Pereira|8.1";"Pedro|20.4";"Yuri Alberto|19.9";"Pedro|1.7";"Pedro|1.9"
"22247745";"ParmeirinhaFCBr";"Renato Kayzer|10.4";"Flaco López|4.9";"Yuri Alberto|3";"Flaco López|1.6";"Luciano|9.8";"Canobbio|10.4";"Arrascaeta|8";"Arias|9";"Kaio Jorge|8.8";"Flaco López|6.4";"Lucas Ronier|2.8";"Isidro Pitta|18";"Arias|5.5";"Arthur Cabral|2.4";"Pedro|0.4";"Viveros|9.1";"Flaco López|11.3";"Samuel Lino|26";"Samuel Lino|11.6";"Pedro|1.7";"Flaco López|2.2"
"29031465";"PegaessepasseF.C.";"John Kennedy|1.6";"Kaio Jorge|4.9";"Hulk|14.7";"Kaio Jorge|1.4";"Erick Pulga|1.5";"Canobbio|10.4";"Neymar|9.4";"Andrés Gómez|8.3";"Neymar|7.8";"Carlos Vinícius|2.8";"Viveros|11.4";"Pedro|7.9";"Viveros|21.1";"Pedro|11.8";"Andrés Gómez|2.9";"Neymar|3.9";"Pedro|2.1";"Viveros|10.9";"Yuri Alberto|19.9";"Viveros|19.2";"Edson Carioca|3.3"
"2864056";"PegCa";"Canobbio|5.7";"Kaio Jorge|4.9";"Hulk|14.7";"Kaio Jorge|1.4";"Calleri|12.1";"Carlos Vinícius|0.8";"Pedro|0";"Andrés Gómez|8.3";"Kaio Jorge|8.8";"Pedro|9";"Viveros|11.4";"Flaco López|3.8";"Canobbio|10.4";"Pedro|11.8";"Flaco López|4.4";"Flaco López|5.9";"Kaio Jorge|9.7";"Pedro|20.4";"Pedro|18.8";"Rollheiser|1";"Pedro|1.9"
"28045697";"Pelé é gol de videogame ";"Nonato|6.4";"Nonato|4.2";"Nonato|0";"Nonato|0";"Nonato|0";"Nonato|0";"Nonato|0";"Nonato|0";"Nonato|0";"Nonato|0";"Nonato|0";"Nonato|0";"Nonato|0";"Nonato|0";"Nonato|5.5";"Nonato|0.7";"Nonato|-0.1";"Nonato|0";"Nonato|0";"Nonato|1.2";"Nonato|2.7"
"336993";"PUROMALTISS F.S";"Borré|2.4";"Kaio Jorge|4.9";"Hulk|14.7";"Alef Manga|10.1";"Hulk|8.2";"Pedro|11.8";"Flaco López|5.6";"Alan Patrick|12.5";"Neymar|7.8";"Carlos Vinícius|2.8";"Viveros|11.4";"Pedro|7.9";"Viveros|21.1";"Matheus Martins|6.5";"John Kennedy|18";"Neymar|3.9";"Kaio Jorge|9.7";"Viveros|10.9";"Pedro|18.8";"Gabriel|2";"Kaio César|2.8"
"25311310";"Real Memphis SCCP";"Yuri Alberto|0.7";"Flaco López|4.9";"Hulk|14.7";"Flaco López|1.6";"Borré|1.4";"Memphis Depay|9.3";"Neymar|9.4";"Yuri Alberto|10.9";"Flaco López|3.5";"Hulk|1.2";"Hulk|1";"Kaio Jorge|2.1";"Kaio Jorge|-0.3";"Kaio Jorge|13";"Yuri Alberto|6.5";"Carbonero|24.9";"Carbonero|0";"Carbonero|1.9";"Carbonero|10.8";"Viveros|19.2";"Hulk|3.2"
"28029518";"Roberta Inocêncio F. C.";"Lucas Ronier|5";"Kaio Jorge|4.9";"Hulk|14.7";"Carlos Vinícius|0.2";"Luciano|9.8";"Flaco López|12.7";"Flaco López|5.6";"Pedro|6.1";"Kaio Jorge|8.8";"Carlos Vinícius|2.8";"Viveros|11.4";"Flaco López|3.8";"Canobbio|10.4";"Arthur Cabral|2.4";"Flaco López|4.4";"Canobbio|15.9";"Kaio Jorge|9.7";"Pedro|20.4";"Pedro|18.8";"Gabriel|2";"Yuri Alberto|3.5"
"3371353";"robson gigante da colina.fc";"Canobbio|5.7";"Kaio Jorge|4.9";"Viveros|12.8";"Vitor Roque|21.2";"Calleri|12.1";"Lucas Ronier|3.7";"Pedro|0";"Pedro|6.1";"Kaio Jorge|8.8";"Carlos Vinícius|2.8";"Viveros|11.4";"Pedro|7.9";"Viveros|21.1";"Kaio Jorge|13";"Carlos Eduardo|1.9";"Pedro|8.8";"Pedro|2.1";"Pedro|20.4";"Pedro|18.8";"Viveros|19.2";"Breno Lopes|2.3"
"7065998";"ROLF - SP23";"Hulk|5.3";"Kaio Jorge|4.9";"Hulk|14.7";"Neymar|19.2";"Calleri|12.1";"Flaco López|12.7";"Flaco López|5.6";"Pedro|6.1";"Hulk|7";"Amuzu|10.6";"Artur|5.5";"Arthur Cabral|2.1";"Flaco López|9.5";"Pedro|11.8";"Neymar|10.5";"Flaco López|5.9";"Viveros|17.4";"Viveros|10.9";"Pedro|18.8";"Gabriel|2";"Yuri Alberto|3.5"
"51059653";"Rua Alba FS";"Yuri Alberto|0.7";"Kaio Jorge|4.9";"Hulk|14.7";"Flaco López|1.6";"Flaco López|8";"Flaco López|12.7";"Flaco López|5.6";"Flaco López|6.5";"Flaco López|3.5";"Flaco López|6.4";"Flaco López|7.4";"Flaco López|3.8";"Flaco López|9.5";"Flaco López|7.8";"Flaco López|4.4";"Flaco López|5.9";"Flaco López|11.3";"Flaco López|0";"Flaco López|0";"Flaco López|0";"Flaco López|2.2"
"48497302";"sapo59@";"Artur|8";"Kaio Jorge|4.9";"Hulk|14.7";"Hulk|5.3";"Hulk|8.2";"Neymar|3.7";"Neymar|9.4";"Calleri|1.9";"Calleri|11.5";"Carlos Vinícius|2.8";"Neymar|5.3";"Arias|1.2";"Arias|5.5";"Pedro|11.8";"Pedro|0.4";"Artur|6.9";"Artur|4.7";"Pedro|20.4";"Pedro|18.8";"Lucas Barbosa|3.5";"Yuri Alberto|3.5"
"499851";"Sc Vai segurando -0.23 tradição malandro";"Pedro|6.4";"Pedro|0.2";"Hulk|14.7";"João Pedro|2.2";"André|3.1";"André|2.2";"Carbonero|8.3";"Carbonero|1.4";"Carbonero|1.5";"Enamorado|3.5";"Enamorado|5.9";"Flaco López|3.8";"Flaco López|9.5";"Flaco López|7.8";"Flaco López|4.4";"Flaco López|5.9";"Flaco López|11.3";"Flaco López|0";"Flaco López|0";"Flaco López|0";"Flaco López|2.2"
"67773";"Só de boa FC";"Borré|2.4";"Kaio Jorge|4.9";"Hulk|14.7";"Vitor Roque|21.2";"Calleri|12.1";"Flaco López|12.7";"Viveros|11.2";"Pedro|6.1";"Neymar|7.8";"Carlos Vinícius|2.8";"Viveros|11.4";"Flaco López|3.8";"Canobbio|10.4";"Arthur Cabral|2.4";"Flaco López|4.4";"Neymar|3.9";"Pedro|2.1";"Pedro|20.4";"Pedro|18.8";"Neymar|22.8";"Pedro|1.9"
"3507811";"Sport Club Pé Torto";"Borré|2.4";"Kaio Jorge|4.9";"Hulk|14.7";"Alef Manga|10.1";"Calleri|12.1";"Flaco López|12.7";"Arrascaeta|8";"Andrés Gómez|8.3";"Neymar|7.8";"Carlos Vinícius|2.8";"Viveros|11.4";"Pedro|7.9";"Viveros|21.1";"Viveros|1.6";"Neymar|10.5";"John Kennedy|10";"Matheus Bidu|8.5";"Pedro|20.4";"Pedro|18.8";"Neymar|22.8";"Kaio César|2.8"
"50270999";"Suely68";"Erick|12.5";"Kaio Jorge|4.9";"Matheus Pereira|2.4";"Andreas Pereira|1.1";"Garro|1.1";"Carlos Vinícius|0.8";"Flaco López|5.6";"Lucho Acosta|3.5";"Andreas Pereira|9.3";"Yuri Alberto|1";"Renato Kayzer|1.5";"Flaco López|3.8";"Yuri Alberto|1";"Arthur Cabral|2.4";"Lucas Ronier|4.6";"Savarino|-0.2";"Kaio Jorge|9.7";"Pedro|20.4";"Bruno Henrique|7.2";"Viveros|19.2";"Pedro|1.9"
"302297";"Timão RIVA UFC";"Hulk|5.3";"Kaio Jorge|4.9";"Hulk|14.7";"Carlos Vinícius|0.2";"Carlos Vinícius|12.7";"Carlos Vinícius|0.8";"Rony|1";"Carlos Vinícius|9.7";"Neymar|7.8";"Carlos Vinícius|2.8";"Carlos Vinícius|-1.1";"Neymar|7.5";"Carlos Vinícius|1.4";"Pedro|11.8";"Neymar|10.5";"Neymar|3.9";"Kaio Jorge|9.7";"Viveros|10.9";"Pedro|18.8";"Neymar|22.8";"Breno Lopes|2.3"
"698601";"Tuliooo Futebol Clube.....";"Borré|2.4";"Andrés Gómez|13.1";"Hulk|14.7";"Kaio Jorge|1.4";"Carlos Vinícius|12.7";"Lucas Ronier|3.7";"Pedro|0";"Vitor Roque|3";"Kaio Jorge|8.8";"Carlos Vinícius|2.8";"Viveros|11.4";"Pedro|7.9";"Viveros|21.1";"Pedro|11.8";"Flaco López|4.4";"Neymar|3.9";"Pedro|2.1";"Pedro|20.4";"Pedro|18.8";"Gabriel|2";"Yuri Alberto|3.5"
"18600106";"Um time que não tem nome F.c.";"Borré|2.4";"Kaio Jorge|4.9";"Hulk|14.7";"Kaio Jorge|1.4";"Calleri|12.1";"Matheus Pereira|2.3";"Pedro|0";"Andrés Gómez|8.3";"Alex Telles|7.9";"Igor Formiga|5";"Vitinho|5.2";"Juninho Capixaba|0.1";"Rodrigo Castillo|8.1";"Viveros|1.6";"Andrés Gómez|2.9";"Neymar|3.9";"Andrés Gómez|2";"Ayrton Lucas|12.3";"Pedro|18.8";"Gabriel|2";"Samuel Lino|10.2"
"27705915";"Vicentis.Vangogh FC";"Borré|2.4";"Brenner|8.9";"Hulk|14.7";"Carlos Vinícius|0.2";"Calleri|12.1";"Lucas Ronier|3.7";"Pedro|0";"Andrés Gómez|8.3";"Arias|4.7";"Carlos Vinícius|2.8";"Viveros|11.4";"Christian|9.5";"Canobbio|10.4";"Danilo|5.3";"Flaco López|4.4";"Cuello|6";"Kaio Jorge|9.7";"Pedro|20.4";"Samuel Lino|11.6";"Viveros|19.2";"Hulk|3.2"
"29995515";"Vila Campestre 1987";"Reinaldo|0.8";"Reinaldo|2";"Reinaldo|-1";"Reinaldo|0";"Gustavo Henrique|3.6";"Gustavo Henrique|1.4";"Léo Pereira|3.6";"Canobbio|5.9";"Carlos Miguel|5.2";"Carlos Miguel|4.7";"Carlos Miguel|10.2";"Carlos Miguel|8.9";"Carlos Miguel|8.9";"Carlos Miguel|2.9";"Carlos Miguel|3.4";"Carlos Miguel|2.9";"Carlos Miguel|7.9";"Carlos Miguel|0";"Carlos Miguel|6";"Carlos Miguel|0.6";"Carlos Miguel|8.9"
"806949";"Vila Clara City R11";"Borré|2.4";"Kaio Jorge|4.9";"Hulk|14.7";"Carlos Vinícius|0.2";"Calleri|12.1";"Flaco López|12.7";"Willian José|5.2";"Andrés Gómez|8.3";"Neymar|7.8";"Carlos Vinícius|2.8";"Neymar|5.3";"Flaco López|3.8";"Flaco López|9.5";"Flaco López|7.8";"Reinaldo|6.9";"Canobbio|15.9";"Pedro|2.1";"Viveros|10.9";"Pedro|18.8";"Gabriel|2";"Pedro|1.9"
"1975";"Vipper Team";"Yuri Alberto|0.7";"Kaio Jorge|4.9";"Hulk|14.7";"Carlos Vinícius|0.2";"Carlos Vinícius|12.7";"Carlos Vinícius|0.8";"Pedro|0";"Andrés Gómez|8.3";"Kaio Jorge|8.8";"Pedro|9";"Viveros|11.4";"Pedro|7.9";"Viveros|21.1";"Viveros|1.6";"Alesson|3.5";"Flaco López|5.9";"Pedro|2.1";"Samuel Lino|26";"Pedro|18.8";"Viveros|19.2";"Pedro|1.9"
"44815245";"We have Mundial ";"Lautaro Díaz|5.8";"Kaio Jorge|4.9";"Luciano|3";"Carlos Vinícius|0.2";"Calleri|12.1";"Flaco López|12.7";"Arrascaeta|8";"Viveros|11";"Flaco López|3.5";"Pedro|9";"Pedro|20.6";"Pedro|7.9";"Viveros|21.1";"Pedro|11.8";"Neymar|10.5";"Lucho Acosta|5.5";"Artur|4.7";"Pedro|20.4";"Pedro|18.8";"Neymar|22.8";"Canobbio|4.9"
"2238";"Wife's Team";"Eduardo Sasha|3.9";"Vitor Roque|4.4";"Hulk|14.7";"Carlos Vinícius|0.2";"Luciano|9.8";"Lucas Ronier|3.7";"Pedro|0";"Renato Kayzer|2.1";"Kaio Jorge|8.8";"Pedro|9";"Mendoza|12";"Pedro|7.9";"Canobbio|10.4";"Pedro|11.8";"Flaco López|4.4";"Neymar|3.9";"Kaio Jorge|9.7";"Pedro|20.4";"Pedro|18.8";"Neymar|22.8";"Yuri Alberto|3.5"
"27264592";"zeca do gueto";"Renato Kayzer|10.4";"Kaio Jorge|4.9";"Hulk|14.7";"Borré|2.9";"Calleri|12.1";"Gabriel|9.4";"Pedro|0";"Pedro|6.1";"Neymar|7.8";"Carlos Vinícius|2.8";"Pedro|20.6";"Flaco López|3.8";"Canobbio|10.4";"Pedro|11.8";"Pedro|0.4";"Cuello|6";"Viveros|17.4";"Pedro|20.4";"Pedro|18.8";"Viveros|19.2";"Hulk|3.2"
"29279489";"ZekaLhp FC";"Borré|2.4";"Kaio Jorge|4.9";"Hulk|14.7";"Carlos Vinícius|0.2";"Calleri|12.1";"Flaco López|12.7";"Viveros|11.2";"Andrés Gómez|8.3";"Neymar|7.8";"Carlos Vinícius|2.8";"Arthur Cabral|11.7";"Flaco López|3.8";"Flaco López|9.5";"Viveros|1.6";"Neymar|10.5";"Neymar|3.9";"Carlos Vinícius|16.9";"Pedro|20.4";"Pedro|18.8";"Gabriel|2";"Pedro|1.9"
"2978538";"Ziquiriguidum FC";"Borré|2.4";"Kaio Jorge|4.9";"Hulk|14.7";"Lucas Ronier|11.4";"Luciano|9.8";"Flaco López|12.7";"Pedro|0";"Andrés Gómez|8.3";"Kaio Jorge|8.8";"Andrés Gómez|1.6";"Viveros|11.4";"Flaco López|3.8";"Viveros|21.1";"Viveros|1.6";"Flaco López|4.4";"Neymar|3.9";"Pedro|2.1";"Viveros|10.9";"Pedro|18.8";"Viveros|19.2";"Pedro|1.9"
