time_id;nome_time;R1;R2;R3;R4;R5;R6;R7;R8;R9;R10;R11;R12;R13;R14;R15;R16;R17;R18;R19;R20;R21;R22;R23;R24
28448371;AcessoNegado FC;Yuri Alberto|0,70;Flaco López|4,90;Flaco López|-0,60;Carlos Vinícius|0,20;Carlos Vinícius|12,70;Carlos Vinícius|0,80;Amuzu|11,50;Amuzu|0,80;Amuzu|2,40;Amuzu|10,60;Mendoza|12,00;Pedro|7,90;Viveros|21,10;Flaco López|7,80;Flaco López|4,40;Neymar|3,90;Neymar|0,00;Pedro|20,40;Yuri Alberto|19,90;Carlos Vinícius|3,50;Yuri Alberto|3,50;Yuri Alberto|0,00;Yuri Alberto|0,00;Flaco López|3,00
47807789;ACTIVA EXPRESS F C;Reinaldo|0,80;Andreas Pereira|16,50;Hulk|14,70;Rony|2,20;Luciano|9,80;Flaco López|12,70;Nathan Fogaça|0,70;Andrés Gómez|8,30;Kaio Jorge|8,80;Everaldo|3,00;Mendoza|12,00;Andrés Gómez|16,90;Luciano|11,80;Luciano|1,20;Flaco López|4,40;Flaco López|5,90;Carlos Vinícius|16,90;Carlos Vinícius|2,00;Pedro|18,80;Pedro|1,70;Samuel Lino|10,20;Kaio Jorge|8,50;Carbonero|12,00;Flaco López|3,00
28174756;Adm's Liga Falcões do Cartola;Renato Kayzer|10,40;Kaio Jorge|4,90;Hulk|14,70;Carlos Vinícius|0,20;Calleri|12,10;Flaco López|12,70;Pedro|0,00;Andrés Gómez|8,30;Flaco López|3,50;Carlos Vinícius|2,80;Viveros|11,40;Pedro|7,90;Viveros|21,10;Arthur Cabral|2,40;Flaco López|4,40;Neymar|3,90;Pedro|2,10;Pedro|20,40;Pedro|18,80;Viveros|19,20;Yuri Alberto|3,50;Samuel Lino|7,40;Viveros|7,40;Neymar|0,00
48377946;Alcalyon ;Willian José|9,50;Lucas Paquetá|5,60;Vitor Roque|14,00;Carlos Vinícius|0,20;Carlos Vinícius|12,70;Flaco López|12,70;Neymar|9,40;Pedro|6,10;Neymar|7,80;Carlos Vinícius|2,80;Neymar|5,30;Pedro|7,90;Canobbio|10,40;Pedro|11,80;Flaco López|4,40;Pedro|8,80;Viveros|17,40;Viveros|10,90;Pedro|18,80;Neymar|22,80;Arrascaeta|1,80;Flaco López|0,50;Neymar|8,40;Neymar|0,00
49359599;Aquila(tricolor)1993;Borré|2,40;Andrés Gómez|13,10;Hulk|14,70;Vitor Roque|21,20;Calleri|12,10;Flaco López|12,70;Pedro|0,00;Andrés Gómez|8,30;Neymar|7,80;Carlos Vinícius|2,80;Viveros|11,40;Pedro|7,90;Calleri|2,70;Arthur Cabral|2,40;Flaco López|4,40;Neymar|3,90;Pedro|2,10;Pedro|20,40;Pedro|18,80;Gabriel|2,00;Yuri Alberto|3,50;Kaio Jorge|8,50;Viveros|7,40;Neymar|0,00
1021009;Aranha Timão;Eduardo Sasha|3,90;Kaio Jorge|4,90;Hulk|14,70;Carbonero|1,20;Calleri|12,10;Flaco López|12,70;Pedro|0,00;Andrés Gómez|8,30;Flaco López|3,50;Carlos Vinícius|2,80;Viveros|11,40;Flaco López|3,80;Canobbio|10,40;Pedro|11,80;Pedro|0,40;Viveros|9,10;Luciano|7,00;Viveros|10,90;Pedro|18,80;Viveros|19,20;Yuri Alberto|3,50;Kaio Jorge|8,50;Viveros|7,40;Neymar|0,00
944071;Araraquara c1ube;Alan Patrick|3,00;Kaio Jorge|4,90;Hulk|14,70;Calleri|2,70;Memphis Depay|-0,10;Flaco López|12,70;Willian José|5,20;Andrés Gómez|8,30;Neymar|7,80;Carlos Vinícius|2,80;Neymar|5,30;Flaco López|3,80;Viveros|21,10;Viveros|1,60;Flaco López|4,40;Neymar|3,90;Kaio Jorge|9,70;Viveros|10,90;Pedro|18,80;Viveros|19,20;Samuel Lino|10,20;Kaio Jorge|8,50;Viveros|7,40;Hulk|14,80
29223116;Atlético di Ferrari's;Borré|2,40;Kaio Jorge|4,90;Kaio Jorge|9,20;Borré|2,90;Calleri|12,10;Canobbio|10,40;Pedro|0,00;Andrés Gómez|8,30;Kaio Jorge|8,80;Carlos Vinícius|2,80;Viveros|11,40;Arthur Cabral|2,10;Canobbio|10,40;Matheus Martins|6,50;Pedro|0,40;Pedro|8,80;Pedro|2,10;Viveros|10,90;Pedro|18,80;Viveros|19,20;Samuel Lino|10,20;Kaio Jorge|8,50;Samuel Lino|11,90;Vitor Roque|4,30
748095;AVATAR DU;Borré|2,40;Kaio Jorge|4,90;Hulk|14,70;Kaio Jorge|1,40;Luciano|9,80;Matheus Pereira|2,30;Pedro|0,00;Andrés Gómez|8,30;Neymar|7,80;Arrascaeta|1,80;Viveros|11,40;Arias|1,20;Viveros|21,10;Pedro|11,80;Flaco López|4,40;Flaco López|5,90;Kaio Jorge|9,70;Viveros|10,90;Pedro|18,80;Neymar|22,80;Pedro|1,90;Pedro Rocha|9,60;Viveros|7,40;Canobbio|3,90
7284346;Avatarzinho;Borré|2,40;Kaio Jorge|4,90;Hulk|14,70;Kaio Jorge|1,40;Luciano|9,80;Matheus Pereira|2,30;Pedro|0,00;Andrés Gómez|8,30;Neymar|7,80;Arrascaeta|1,80;Viveros|11,40;Arias|1,20;Viveros|21,10;Pedro|11,80;Flaco López|4,40;Flaco López|5,90;Kaio Jorge|9,70;Viveros|10,90;Pedro|18,80;Neymar|22,80;Pedro|1,90;Pedro Rocha|9,60;Viveros|7,40;Canobbio|3,90
28698884;Barcelusa 2022;Borré|2,40;Kaio Jorge|4,90;Hulk|14,70;Kaio Jorge|1,40;Calleri|12,10;Flaco López|12,70;Pedro|0,00;Pedro|6,10;Kaio Jorge|8,80;Carlos Vinícius|2,80;Viveros|11,40;Pedro|7,90;Viveros|21,10;Arthur Cabral|2,40;Flaco López|4,40;Neymar|3,90;Pedro|2,10;Pedro|20,40;Pedro|18,80;Gabriel|2,00;Kaio César|2,80;Pedro|-0,30;Pedro|20,20;Canobbio|3,90
25377957;Benfica Portugal;Borré|2,40;Kaio Jorge|4,90;Hulk|14,70;Vitor Roque|21,20;Calleri|12,10;Flaco López|12,70;Viveros|11,20;Pedro|6,10;Neymar|7,80;Carlos Vinícius|2,80;Viveros|11,40;Flaco López|3,80;Canobbio|10,40;Arthur Cabral|2,40;Flaco López|4,40;Neymar|3,90;Kaio Jorge|9,70;Pedro|20,40;Pedro|18,80;Neymar|22,80;Kaio César|2,80;Kaio Jorge|8,50;Viveros|7,40;Neymar|0,00
2965879;Bruno Cavalo FC;Borré|2,40;Flaco López|4,90;Hulk|14,70;Carlos Vinícius|0,20;Luciano|9,80;Lucas Ronier|3,70;Arrascaeta|8,00;Jean Lucas|5,70;Lucas Ronier|12,30;Carlos Vinícius|2,80;Viveros|11,40;Pedro|7,90;Viveros|21,10;Viveros|1,60;Flaco López|4,40;John Kennedy|10,00;Kaio Jorge|9,70;Viveros|10,90;Pedro|18,80;Pedro|1,70;Pedro|1,90;Pedro Rocha|9,60;Carbonero|12,00;Neymar|0,00
29269714;Bruno Cavalofc;Borré|2,40;Amuzu|11,20;Viveros|12,80;Flaco López|1,60;Calleri|12,10;Pedro Rocha|8,90;Amuzu|11,50;Vitinho|7,30;Flaco López|3,50;Carlos Vinícius|2,80;Viveros|11,40;Flaco López|3,80;Viveros|21,10;Danilo|5,30;Flaco López|4,40;Neymar|3,90;Pedro|2,10;Pedro|20,40;Samuel Lino|11,60;Samuel Lino|8,90;Flaco López|2,20;Flaco López|0,50;Pedro|20,20;Flaco López|3,00
84327;BruxoVerde;Borré|2,40;Kaio Jorge|4,90;Hulk|14,70;Carlos Vinícius|0,20;Carlos Vinícius|12,70;Lucas Ronier|3,70;Pedro|0,00;Borré|4,50;Neymar|7,80;Carlos Vinícius|2,80;Viveros|11,40;Flaco López|3,80;Viveros|21,10;Arthur Cabral|2,40;Flaco López|4,40;Neymar|3,90;Pedro|2,10;Pedro|20,40;Pedro|18,80;Neymar|22,80;Pedro|1,90;Pedro Rocha|9,60;Viveros|7,40;Neymar|0,00
14377797;CamargoLeme FC;Borré|2,40;Kaio Jorge|4,90;Hulk|14,70;Carlos Vinícius|0,20;Calleri|12,10;Flaco López|12,70;Pedro|0,00;Andrés Gómez|8,30;Kaio Jorge|8,80;Carlos Vinícius|2,80;Viveros|11,40;Pedro|7,90;Viveros|21,10;Pedro|11,80;Flaco López|4,40;Neymar|3,90;Pedro|2,10;Pedro|20,40;Pedro|18,80;Neymar|22,80;Yuri Alberto|3,50;Kaio Jorge|8,50;Viveros|7,40;Neymar|0,00
5374749;Canalhas Jabaquara F.C.;Borré|2,40;Flaco López|4,90;Flaco López|-0,60;Carlos Vinícius|0,20;Calleri|12,10;Flaco López|12,70;Negueba|1,70;Andrés Gómez|8,30;Neymar|7,80;Carlos Vinícius|2,80;Viveros|11,40;Pedro|7,90;Calleri|2,70;Calleri|6,00;Flaco López|4,40;Alerrandro|14,40;Kaio Jorge|9,70;Viveros|10,90;Pedro|18,80;Gabriel|2,00;Yuri Alberto|3,50;Kaio Jorge|8,50;Viveros|7,40;Calleri|0,00
28650856;Corsa de Vigo 2017;Borré|2,40;Kaio Jorge|4,90;Hulk|14,70;Carlos Vinícius|0,20;Calleri|12,10;Flaco López|12,70;Pedro|0,00;Pedro|6,10;Neymar|7,80;Carlos Vinícius|2,80;Viveros|11,40;Flaco López|3,80;Viveros|21,10;Arthur Cabral|2,40;Flaco López|4,40;Neymar|3,90;Kaio Jorge|9,70;Pedro|20,40;Pedro|18,80;Gabriel|2,00;Kaio César|2,80;Lucas Barbosa|2,80;Bernabei|3,20;Hulk|14,80
2696056;De Marinha F.C;Borré|2,40;Kaio Jorge|4,90;Hulk|14,70;Kaio Jorge|1,40;Calleri|12,10;Flaco López|12,70;Pedro|0,00;Pedro|6,10;Kaio Jorge|8,80;Carlos Vinícius|2,80;Viveros|11,40;Pedro|7,90;Viveros|21,10;Pedro|11,80;Flaco López|4,40;Neymar|3,90;Pedro|2,10;Pedro|20,40;Pedro|18,80;Gabriel|2,00;Yuri Alberto|3,50;Kaio Jorge|8,50;Viveros|7,40;Canobbio|3,90
4004636;Don Cartolone F.C.;Borré|2,40;Kaio Jorge|4,90;Hulk|14,70;Borré|2,90;Luciano|9,80;Flaco López|12,70;Pedro|0,00;Andrés Gómez|8,30;Flaco López|3,50;Carlos Vinícius|2,80;Mendoza|12,00;Pedro|7,90;Viveros|21,10;Arthur Cabral|2,40;Flaco López|4,40;Neymar|3,90;Kaio Jorge|9,70;Pedro|20,40;Pedro|18,80;Lucas Barbosa|3,50;Kaio César|2,80;Pedro|-0,30;Viveros|7,40;Flaco López|3,00
29144677;E.C. Pedro Riva;Kaio Jorge|2,20;Kaio Jorge|4,90;Kaio Jorge|9,20;Carlos Vinícius|0,20;Carlos Vinícius|12,70;Carlos Vinícius|0,80;Amuzu|11,50;Carlos Vinícius|9,70;Neymar|7,80;Carlos Vinícius|2,80;Viveros|11,40;Neymar|7,50;Carlos Vinícius|1,40;Pedro|11,80;Neymar|10,50;Neymar|3,90;Pedro|2,10;Pedro|20,40;Pedro|18,80;Pedro|1,70;Bruno Henrique|6,50;Breno Lopes|3,70;Viveros|7,40;Viveros|0,00
14994410;Estat_FC;Borré|2,40;Kaio Jorge|4,90;Hulk|14,70;Eduardo Sasha|2,10;Calleri|12,10;Flaco López|12,70;Willian José|5,20;Andrés Gómez|8,30;Neymar|7,80;Carlos Vinícius|2,80;Viveros|11,40;Flaco López|3,80;Viveros|21,10;Kaio Jorge|13,00;Flaco López|4,40;Neymar|3,90;Pedro|2,10;Viveros|10,90;Pedro|18,80;Viveros|19,20;Pedro|1,90;Carlos Vinícius|7,90;Viveros|7,40;Neymar|0,00
25279461;Estopim;Borré|2,40;Kaio Jorge|4,90;Hulk|14,70;Kaio Jorge|1,40;Calleri|12,10;Calleri|8,80;Pedro|0,00;Lucas Barbosa|15,20;Kaio Jorge|8,80;Pedro|9,00;Samuel Lino|14,00;Flaco López|3,80;Viveros|21,10;Viveros|1,60;Flaco López|4,40;Pedro|8,80;Kaio Jorge|9,70;Samuel Lino|26,00;Pedro|18,80;Gabriel|2,00;Hulk|3,20;Kaio Jorge|8,50;Viveros|7,40;Canobbio|3,90
796608;FAMÍLIA SAÚDE FC;Borré|2,40;Flaco López|4,90;Negueba|13,50;Alef Manga|10,10;Hulk|8,20;Renato Kayzer|6,90;Flaco López|5,60;Vitinho|7,30;Kaio Jorge|8,80;Samuel Lino|2,50;Viveros|11,40;Calleri|7,00;Matheus Martins|7,00;Matheus Martins|6,50;Andrés Gómez|2,90;Cuello|6,00;Luciano|7,00;Viveros|10,90;Luciano|3,70;Viveros|19,20;Samuel Lino|10,20;Samuel Lino|7,40;Viveros|7,40;Hulk|14,80
13910119;Febre do Porco;Lucas Ronier|5,00;Kaio Jorge|4,90;Hulk|14,70;Carlos Vinícius|0,20;Carlos Vinícius|12,70;Carlos Vinícius|0,80;Pedro|0,00;Vitor Roque|3,00;Neymar|7,80;Carlos Vinícius|2,80;Kaio Jorge|0,00;Arrascaeta|13,00;Canobbio|10,40;Arias|5,80;Flaco López|4,40;Neymar|3,90;Kaio Jorge|9,70;Pedro|20,40;Pedro|18,80;Bruno Henrique|3,20;Hulk|3,20;Arrascaeta|6,40;Viveros|7,40;Flaco López|3,00
29005848;fiel Mikimba fc;Alef Manga|0,90;Kaio Jorge|4,90;Kaio Jorge|9,20;Carlos Vinícius|0,20;Willian José|2,70;Flaco López|12,70;Flaco López|5,60;Carlos Vinícius|9,70;Carlos Vinícius|11,00;Lucas Ronier|5,00;Lucas Ronier|2,80;Flaco López|3,80;Canobbio|10,40;Canobbio|1,20;Alesson|3,50;Arias|11,50;Matheus Pereira|8,10;Viveros|10,90;Kaio Jorge|10,90;Samuel Lino|8,90;Yuri Alberto|3,50;Pedro|-0,30;Pedro|20,20;Neymar|0,00
26507394;GARCIA_SCCP_1910;Borré|2,40;Kaio Jorge|4,90;Hulk|14,70;Breno Lopes|2,50;Calleri|12,10;Flaco López|12,70;Cristian Olivera|8,40;Canobbio|5,90;Neymar|7,80;Pedro|9,00;Viveros|11,40;Isidro Pitta|18,00;Viveros|21,10;Matheus Martins|6,50;Flaco López|4,40;Neymar|3,90;Pedro|2,10;Pedro|20,40;Pedro|18,80;Neymar|22,80;Pedro|1,90;Breno Lopes|3,70;Viveros|7,40;Neymar|0,00
47656429;JOJOBA1976 ;Carbonero|0,50;Kaio Jorge|4,90;Hulk|14,70;Kaio Jorge|1,40;Calleri|12,10;Flaco López|12,70;Pedro|0,00;Pedro|6,10;Hulk|7,00;Pedro|9,00;Gabriel Taliari|2,90;Lucas Ronier|4,90;Pedro|15,60;Calleri|6,00;Lucas Ronier|4,60;Pedro|8,80;Kaio Jorge|9,70;Pedro|20,40;Pedro|18,80;Neymar|22,80;Pedro|1,90;Flaco López|0,50;Andrés Gómez|2,90;Flaco López|3,00
3167098;JUVENIL 15;Alan Patrick|3,00;Lucas Barbosa|3,30;Viveros|12,80;Lucas Barbosa|7,40;Carlos Vinícius|12,70;Lucho Acosta|6,30;Arrascaeta|8,00;Lucho Acosta|3,50;Kaio Jorge|8,80;Carlos Vinícius|2,80;Kaio Jorge|0,00;Flaco López|3,80;Viveros|21,10;Pedro|11,80;Andrés Gómez|2,90;Neymar|3,90;Kaio Jorge|9,70;Allan|-2,10;Samuel Lino|11,60;Samuel Lino|8,90;Hulk|3,20;Breno Lopes|3,70;Carbonero|12,00;Flaco López|3,00
44775176;LeomachadoSC;Borré|2,40;Kaio Jorge|4,90;Hulk|14,70;Carlos Vinícius|0,20;Luciano|9,80;Lucas Ronier|3,70;Pedro|0,00;Canobbio|5,90;Neymar|7,80;Carlos Vinícius|2,80;Viveros|11,40;Pedro|7,90;Viveros|21,10;Pedro|11,80;Flaco López|4,40;Neymar|3,90;Pedro|2,10;Pedro|20,40;Pedro|18,80;Neymar|22,80;Kaio César|2,80;Breno Lopes|3,70;Viveros|7,40;Vitor Roque|4,30
2159340;LOUCOS POR PINGA F.C;Borré|2,40;Kaio Jorge|4,90;Hulk|14,70;Kaio Jorge|1,40;Willian José|2,70;Canobbio|10,40;Pedro|0,00;Andrés Gómez|8,30;Neymar|7,80;Carlos Vinícius|2,80;Arthur Cabral|11,70;Pedro|7,90;Canobbio|10,40;Viveros|1,60;Flaco López|4,40;Flaco López|5,90;Andrés Gómez|2,00;Pedro|20,40;Pedro|18,80;Viveros|19,20;Yuri Alberto|3,50;Samuel Lino|7,40;Viveros|7,40;Canobbio|3,90
9391447;mansaoDosBons;Borré|2,40;Arthur Cabral|8,90;Carlos Vinícius|0,70;Viveros|4,80;Calleri|12,10;Flaco López|12,70;Flaco López|5,60;Andrés Gómez|8,30;Arias|4,70;Cuello|4,70;John Kennedy|2,00;Pedro|7,90;Canobbio|10,40;Flaco López|7,80;Flaco López|4,40;Neymar|3,90;John Kennedy|3,00;John Kennedy|10,00;Kaio Jorge|10,90;Gabriel|2,00;Hulk|3,20;Samuel Lino|7,40;Samuel Lino|11,90;Flaco López|3,00
13955378;Masayuki Tateoka FC;Borré|2,40;Kaio Jorge|4,90;Hulk|14,70;Carlos Vinícius|0,20;Calleri|12,10;Flaco López|12,70;Arrascaeta|8,00;Canobbio|5,90;Neymar|7,80;Pedro|9,00;Viveros|11,40;Pedro|7,90;Calleri|2,70;Flaco López|7,80;Pedro|0,40;Cuello|6,00;Kaio Jorge|9,70;Viveros|10,90;Pedro|18,80;Gabriel|2,00;Canobbio|4,90;Pedro|-0,30;Viveros|7,40;Neymar|0,00
51044905;Mik@ Pedroso fc;Borré|2,40;Flaco López|4,90;Hulk|14,70;Borré|2,90;Luciano|9,80;Lucas Ronier|3,70;Pedro|0,00;Pedro|6,10;Neymar|7,80;Pedro|9,00;Viveros|11,40;Pedro|7,90;Viveros|21,10;Pedro|11,80;Flaco López|4,40;Pedro|8,80;Pedro|2,10;Pedro|20,40;Pedro|18,80;Gabriel|2,00;Pedro|1,90;Kaio Jorge|8,50;Viveros|7,40;Pedro|12,00
8627629;mika Do pedroso fc;Borré|2,40;Kaio Jorge|4,90;Hulk|14,70;Hulk|5,30;Calleri|12,10;Bolasie|0,90;Pedro|0,00;Andrés Gómez|8,30;Neymar|7,80;Carlos Vinícius|2,80;Everaldo|2,40;Flaco López|3,80;Canobbio|10,40;Danilo|5,30;Pedro|0,40;Neymar|3,90;Pedro|2,10;Gabriel|6,00;Luciano|3,70;Neymar|22,80;Kaio César|2,80;Arias|7,70;Bernabei|3,20;Hulk|14,80
25276259;mikatuba fc;Renato Kayzer|10,40;Kaio Jorge|4,90;Hulk|14,70;Carlos Vinícius|0,20;Calleri|12,10;Flaco López|12,70;Samuel Lino|10,40;Canobbio|5,90;Samuel Lino|1,00;Carlos Vinícius|2,80;Viveros|11,40;Matheus Pereira|9,60;Savarino|13,10;Lucas Barbosa|13,00;Pedro|0,40;Lucho Acosta|5,50;Luciano|7,00;Viveros|10,90;Samuel Lino|11,60;Gabriel|2,00;Pedro|1,90;Kaio Jorge|8,50;Samuel Lino|11,90;Hulk|14,80
2529723;Monster Fut F.C;Serna|0,50;Kaio Jorge|4,90;Hulk|14,70;Lucas Ronier|11,40;Luciano|9,80;Flaco López|12,70;Lucas Ronier|2,00;Andrés Gómez|8,30;Flaco López|3,50;Carlos Vinícius|2,80;Viveros|11,40;Flaco López|3,80;Canobbio|10,40;Pedro|11,80;Flaco López|4,40;Neymar|3,90;Kaio Jorge|9,70;Paulinho|8,00;Paulinho|0,00;Viveros|19,20;Yuri Alberto|3,50;Pedro|-0,30;Carbonero|12,00;Hulk|14,80
18988681;MOUSE FUTEBOL E CATCHUP;Alan Patrick|3,00;Kaio Jorge|4,90;Vitor Roque|14,00;Matheus Pereira|11,10;Lucas Ramon|11,20;Canobbio|10,40;Pedro|0,00;Lucho Acosta|3,50;Flaco López|3,50;Pedro|9,00;Viveros|11,40;Andrés Gómez|16,90;Pedro|15,60;Flaco López|7,80;Neymar|10,50;Neymar|3,90;Kaio Jorge|9,70;Viveros|10,90;Pedro|18,80;Neymar|22,80;Yuri Alberto|3,50;Arias|7,70;Viveros|7,40;Neymar|0,00
7939743;Oozma Kappa Ror FC;Lucas Ronier|5,00;Kaio Jorge|4,90;Hulk|14,70;Eduardo Sasha|2,10;Canobbio|14,20;Flaco López|12,70;Pedro|0,00;Andrés Gómez|8,30;Neymar|7,80;Carlos Vinícius|2,80;Viveros|11,40;Pedro|7,90;Viveros|21,10;Pedro|11,80;Flaco López|4,40;Neymar|3,90;Pedro|2,10;Pedro|20,40;Pedro|18,80;Gabriel|2,00;Yuri Alberto|3,50;Kaio Jorge|8,50;Viveros|7,40;Neymar|0,00
50263746;Os Cozidos Do Jabuca Tradicao Cartoleiro;Alef Manga|0,90;Kaio Jorge|4,90;Yuri Alberto|3,00;Yuri Alberto|0,00;Memphis Depay|-0,10;Arias|6,40;Yuri Alberto|1,20;Yuri Alberto|10,90;Kaio Jorge|8,80;Carlos Vinícius|2,80;Kayke|4,40;Arias|1,20;Carlos Vinícius|1,40;Danilo|5,30;Danilo|2,00;Neymar|3,90;Matheus Pereira|8,10;Pedro|20,40;Yuri Alberto|19,90;Pedro|1,70;Pedro|1,90;Pedro Raul|10,50;Viveros|7,40;Viveros|0,00
22247745;ParmeirinhaFCBr;Renato Kayzer|10,40;Flaco López|4,90;Yuri Alberto|3,00;Flaco López|1,60;Luciano|9,80;Canobbio|10,40;Arrascaeta|8,00;Arias|9,00;Kaio Jorge|8,80;Flaco López|6,40;Lucas Ronier|2,80;Isidro Pitta|18,00;Arias|5,50;Arthur Cabral|2,40;Pedro|0,40;Viveros|9,10;Flaco López|11,30;Samuel Lino|26,00;Samuel Lino|11,60;Pedro|1,70;Flaco López|2,20;Flaco López|0,50;Viveros|7,40;Neymar|0,00
29031465;PegaessepasseF.C.;John Kennedy|1,60;Kaio Jorge|4,90;Hulk|14,70;Kaio Jorge|1,40;Erick Pulga|1,50;Canobbio|10,40;Neymar|9,40;Andrés Gómez|8,30;Neymar|7,80;Carlos Vinícius|2,80;Viveros|11,40;Pedro|7,90;Viveros|21,10;Pedro|11,80;Andrés Gómez|2,90;Neymar|3,90;Pedro|2,10;Viveros|10,90;Yuri Alberto|19,90;Viveros|19,20;Edson Carioca|3,30;Pedro|-0,30;Carbonero|12,00;Flaco López|3,00
2864056;PegCa;Canobbio|5,70;Kaio Jorge|4,90;Hulk|14,70;Kaio Jorge|1,40;Calleri|12,10;Carlos Vinícius|0,80;Pedro|0,00;Andrés Gómez|8,30;Kaio Jorge|8,80;Pedro|9,00;Viveros|11,40;Flaco López|3,80;Canobbio|10,40;Pedro|11,80;Flaco López|4,40;Flaco López|5,90;Kaio Jorge|9,70;Pedro|20,40;Pedro|18,80;Rollheiser|1,00;Pedro|1,90;Kaio Jorge|8,50;Samuel Lino|11,90;Neymar|0,00
28045697;Pelé é gol de videogame ;Nonato|6,40;Nonato|4,20;Nonato|0,00;Nonato|0,00;Nonato|0,00;Nonato|0,00;Nonato|0,00;Nonato|0,00;Nonato|0,00;Nonato|0,00;Nonato|0,00;Nonato|0,00;Nonato|0,00;Nonato|0,00;Nonato|5,50;Nonato|0,70;Nonato|-0,10;Nonato|0,00;Nonato|0,00;Nonato|1,20;Nonato|2,70;Nonato|2,80;Nonato|0,00;Nonato|0,20
336993;PUROMALTISS F.S;Borré|2,40;Kaio Jorge|4,90;Hulk|14,70;Alef Manga|10,10;Hulk|8,20;Pedro|11,80;Flaco López|5,60;Alan Patrick|12,50;Neymar|7,80;Carlos Vinícius|2,80;Viveros|11,40;Pedro|7,90;Viveros|21,10;Matheus Martins|6,50;John Kennedy|18,00;Neymar|3,90;Kaio Jorge|9,70;Viveros|10,90;Pedro|18,80;Gabriel|2,00;Kaio César|2,80;Breno Lopes|3,70;Viveros|7,40;Canobbio|3,90
25311310;Real Memphis SCCP;Yuri Alberto|0,70;Flaco López|4,90;Hulk|14,70;Flaco López|1,60;Borré|1,40;Memphis Depay|9,30;Neymar|9,40;Yuri Alberto|10,90;Flaco López|3,50;Hulk|1,20;Hulk|1,00;Kaio Jorge|2,10;Kaio Jorge|-0,30;Kaio Jorge|13,00;Yuri Alberto|6,50;Carbonero|24,90;Carbonero|0,00;Carbonero|1,90;Carbonero|10,80;Viveros|19,20;Hulk|3,20;Gabriel|3,60;Vitinho|1,20;Vitinho|1,30
28029518;Roberta Inocêncio F. C.;Lucas Ronier|5,00;Kaio Jorge|4,90;Hulk|14,70;Carlos Vinícius|0,20;Luciano|9,80;Flaco López|12,70;Flaco López|5,60;Pedro|6,10;Kaio Jorge|8,80;Carlos Vinícius|2,80;Viveros|11,40;Flaco López|3,80;Canobbio|10,40;Arthur Cabral|2,40;Flaco López|4,40;Canobbio|15,90;Kaio Jorge|9,70;Pedro|20,40;Pedro|18,80;Gabriel|2,00;Yuri Alberto|3,50;Kaio Jorge|8,50;Samuel Lino|11,90;Neymar|0,00
3371353;robson gigante da colina.fc;Canobbio|5,70;Kaio Jorge|4,90;Viveros|12,80;Vitor Roque|21,20;Calleri|12,10;Lucas Ronier|3,70;Pedro|0,00;Pedro|6,10;Kaio Jorge|8,80;Carlos Vinícius|2,80;Viveros|11,40;Pedro|7,90;Viveros|21,10;Kaio Jorge|13,00;Carlos Eduardo|1,90;Pedro|8,80;Pedro|2,10;Pedro|20,40;Pedro|18,80;Viveros|19,20;Breno Lopes|2,30;Breno Lopes|3,70;Bernabei|3,20;Viveros|0,00
7065998;ROLF - SP23;Hulk|5,30;Kaio Jorge|4,90;Hulk|14,70;Neymar|19,20;Calleri|12,10;Flaco López|12,70;Flaco López|5,60;Pedro|6,10;Hulk|7,00;Amuzu|10,60;Artur|5,50;Arthur Cabral|2,10;Flaco López|9,50;Pedro|11,80;Neymar|10,50;Flaco López|5,90;Viveros|17,40;Viveros|10,90;Pedro|18,80;Gabriel|2,00;Yuri Alberto|3,50;Flaco López|0,50;Viveros|7,40;Hulk|14,80
51059653;Rua Alba FS;Yuri Alberto|0,70;Kaio Jorge|4,90;Hulk|14,70;Flaco López|1,60;Flaco López|8,00;Flaco López|12,70;Flaco López|5,60;Flaco López|6,50;Flaco López|3,50;Flaco López|6,40;Flaco López|7,40;Flaco López|3,80;Flaco López|9,50;Flaco López|7,80;Flaco López|4,40;Flaco López|5,90;Flaco López|11,30;Flaco López|0,00;Flaco López|0,00;Flaco López|0,00;Flaco López|2,20;Flaco López|0,50;Flaco López|8,50;Flaco López|3,00
48497302;sapo59@;Artur|8,00;Kaio Jorge|4,90;Hulk|14,70;Hulk|5,30;Hulk|8,20;Neymar|3,70;Neymar|9,40;Calleri|1,90;Calleri|11,50;Carlos Vinícius|2,80;Neymar|5,30;Arias|1,20;Arias|5,50;Pedro|11,80;Pedro|0,40;Artur|6,90;Artur|4,70;Pedro|20,40;Pedro|18,80;Lucas Barbosa|3,50;Yuri Alberto|3,50;Flaco López|0,50;Flaco López|8,50;Hulk|14,80
499851;Sc Vai segurando -0.23 tradição malandro;Pedro|6,40;Pedro|0,20;Hulk|14,70;João Pedro|2,20;André|3,10;André|2,20;Carbonero|8,30;Carbonero|1,40;Carbonero|1,50;Enamorado|3,50;Enamorado|5,90;Flaco López|3,80;Flaco López|9,50;Flaco López|7,80;Flaco López|4,40;Flaco López|5,90;Flaco López|11,30;Flaco López|0,00;Flaco López|0,00;Flaco López|0,00;Flaco López|2,20;Flaco López|0,50;Flaco López|8,50;Flaco López|3,00
67773;Só de boa FC;Borré|2,40;Kaio Jorge|4,90;Hulk|14,70;Vitor Roque|21,20;Calleri|12,10;Flaco López|12,70;Viveros|11,20;Pedro|6,10;Neymar|7,80;Carlos Vinícius|2,80;Viveros|11,40;Flaco López|3,80;Canobbio|10,40;Arthur Cabral|2,40;Flaco López|4,40;Neymar|3,90;Pedro|2,10;Pedro|20,40;Pedro|18,80;Neymar|22,80;Pedro|1,90;Breno Lopes|3,70;Viveros|7,40;Neymar|0,00
3507811;Sport Club Pé Torto;Borré|2,40;Kaio Jorge|4,90;Hulk|14,70;Alef Manga|10,10;Calleri|12,10;Flaco López|12,70;Arrascaeta|8,00;Andrés Gómez|8,30;Neymar|7,80;Carlos Vinícius|2,80;Viveros|11,40;Pedro|7,90;Viveros|21,10;Viveros|1,60;Neymar|10,50;John Kennedy|10,00;Matheus Bidu|8,50;Pedro|20,40;Pedro|18,80;Neymar|22,80;Kaio César|2,80;Samuel Lino|7,40;Viveros|7,40;Flaco López|3,00
50270999;Suely68;Erick|12,50;Kaio Jorge|4,90;Matheus Pereira|2,40;Andreas Pereira|1,10;Garro|1,10;Carlos Vinícius|0,80;Flaco López|5,60;Lucho Acosta|3,50;Andreas Pereira|9,30;Yuri Alberto|1,00;Renato Kayzer|1,50;Flaco López|3,80;Yuri Alberto|1,00;Arthur Cabral|2,40;Lucas Ronier|4,60;Savarino|-0,20;Kaio Jorge|9,70;Pedro|20,40;Bruno Henrique|7,20;Viveros|19,20;Pedro|1,90;Kaio Jorge|8,50;Viveros|7,40;Neymar|0,00
302297;Timão RIVA UFC;Hulk|5,30;Kaio Jorge|4,90;Hulk|14,70;Carlos Vinícius|0,20;Carlos Vinícius|12,70;Carlos Vinícius|0,80;Rony|1,00;Carlos Vinícius|9,70;Neymar|7,80;Carlos Vinícius|2,80;Carlos Vinícius|-1,10;Neymar|7,50;Carlos Vinícius|1,40;Pedro|11,80;Neymar|10,50;Neymar|3,90;Kaio Jorge|9,70;Viveros|10,90;Pedro|18,80;Neymar|22,80;Breno Lopes|2,30;Pedro Rocha|9,60;Viveros|7,40;Viveros|0,00
698601;Tuliooo Futebol Clube.....;Borré|2,40;Andrés Gómez|13,10;Hulk|14,70;Kaio Jorge|1,40;Carlos Vinícius|12,70;Lucas Ronier|3,70;Pedro|0,00;Vitor Roque|3,00;Kaio Jorge|8,80;Carlos Vinícius|2,80;Viveros|11,40;Pedro|7,90;Viveros|21,10;Pedro|11,80;Flaco López|4,40;Neymar|3,90;Pedro|2,10;Pedro|20,40;Pedro|18,80;Gabriel|2,00;Yuri Alberto|3,50;Kaio Jorge|8,50;Viveros|7,40;Neymar|0,00
18600106;Um time que não tem nome F.c.;Borré|2,40;Kaio Jorge|4,90;Hulk|14,70;Kaio Jorge|1,40;Calleri|12,10;Matheus Pereira|2,30;Pedro|0,00;Andrés Gómez|8,30;Alex Telles|7,90;Igor Formiga|5,00;Vitinho|5,20;Juninho Capixaba|0,10;Rodrigo Castillo|8,10;Viveros|1,60;Andrés Gómez|2,90;Neymar|3,90;Andrés Gómez|2,00;Ayrton Lucas|12,30;Pedro|18,80;Gabriel|2,00;Samuel Lino|10,20;Samuel Lino|7,40;Viveros|7,40;Neymar|0,00
27705915;Vicentis.Vangogh FC;Borré|2,40;Brenner|8,90;Hulk|14,70;Carlos Vinícius|0,20;Calleri|12,10;Lucas Ronier|3,70;Pedro|0,00;Andrés Gómez|8,30;Arias|4,70;Carlos Vinícius|2,80;Viveros|11,40;Christian|9,50;Canobbio|10,40;Danilo|5,30;Flaco López|4,40;Cuello|6,00;Kaio Jorge|9,70;Pedro|20,40;Samuel Lino|11,60;Viveros|19,20;Hulk|3,20;Samuel Lino|7,40;Bernabei|3,20;Neymar|0,00
29995515;Vila Campestre 1987;Reinaldo|0,80;Reinaldo|2,00;Reinaldo|-1,00;Reinaldo|0,00;Gustavo Henrique|3,60;Gustavo Henrique|1,40;Léo Pereira|3,60;Canobbio|5,90;Carlos Miguel|5,20;Carlos Miguel|4,70;Carlos Miguel|10,20;Carlos Miguel|8,90;Carlos Miguel|8,90;Carlos Miguel|2,90;Carlos Miguel|3,40;Carlos Miguel|2,90;Carlos Miguel|7,90;Carlos Miguel|0,00;Carlos Miguel|6,00;Carlos Miguel|0,60;Carlos Miguel|8,90;Carlos Miguel|8,10;Carlos Miguel|0,90;Carlos Miguel|6,30
806949;Vila Clara City R11;Borré|2,40;Kaio Jorge|4,90;Hulk|14,70;Carlos Vinícius|0,20;Calleri|12,10;Flaco López|12,70;Willian José|5,20;Andrés Gómez|8,30;Neymar|7,80;Carlos Vinícius|2,80;Neymar|5,30;Flaco López|3,80;Flaco López|9,50;Flaco López|7,80;Reinaldo|6,90;Canobbio|15,90;Pedro|2,10;Viveros|10,90;Pedro|18,80;Gabriel|2,00;Pedro|1,90;Pedro Rocha|9,60;Viveros|7,40;Flaco López|3,00
1975;Vipper Team;Yuri Alberto|0,70;Kaio Jorge|4,90;Hulk|14,70;Carlos Vinícius|0,20;Carlos Vinícius|12,70;Carlos Vinícius|0,80;Pedro|0,00;Andrés Gómez|8,30;Kaio Jorge|8,80;Pedro|9,00;Viveros|11,40;Pedro|7,90;Viveros|21,10;Viveros|1,60;Alesson|3,50;Flaco López|5,90;Pedro|2,10;Samuel Lino|26,00;Pedro|18,80;Viveros|19,20;Pedro|1,90;Flaco López|0,50;Viveros|7,40;Samuel Lino|4,50
44815245;We have Mundial ;Lautaro Díaz|5,80;Kaio Jorge|4,90;Luciano|3,00;Carlos Vinícius|0,20;Calleri|12,10;Flaco López|12,70;Arrascaeta|8,00;Viveros|11,00;Flaco López|3,50;Pedro|9,00;Pedro|20,60;Pedro|7,90;Viveros|21,10;Pedro|11,80;Neymar|10,50;Lucho Acosta|5,50;Artur|4,70;Pedro|20,40;Pedro|18,80;Neymar|22,80;Canobbio|4,90;Kaio Jorge|8,50;Viveros|7,40;Neymar|0,00
2238;Wife's Team;Eduardo Sasha|3,90;Vitor Roque|4,40;Hulk|14,70;Carlos Vinícius|0,20;Luciano|9,80;Lucas Ronier|3,70;Pedro|0,00;Renato Kayzer|2,10;Kaio Jorge|8,80;Pedro|9,00;Mendoza|12,00;Pedro|7,90;Canobbio|10,40;Pedro|11,80;Flaco López|4,40;Neymar|3,90;Kaio Jorge|9,70;Pedro|20,40;Pedro|18,80;Neymar|22,80;Yuri Alberto|3,50;Samuel Lino|7,40;Viveros|7,40;Neymar|0,00
27264592;zeca do gueto;Renato Kayzer|10,40;Kaio Jorge|4,90;Hulk|14,70;Borré|2,90;Calleri|12,10;Gabriel|9,40;Pedro|0,00;Pedro|6,10;Neymar|7,80;Carlos Vinícius|2,80;Pedro|20,60;Flaco López|3,80;Canobbio|10,40;Pedro|11,80;Pedro|0,40;Cuello|6,00;Viveros|17,40;Pedro|20,40;Pedro|18,80;Viveros|19,20;Hulk|3,20;Breno Lopes|3,70;Pedro|20,20;Neymar|0,00
29279489;ZekaLhp FC;Borré|2,40;Kaio Jorge|4,90;Hulk|14,70;Carlos Vinícius|0,20;Calleri|12,10;Flaco López|12,70;Viveros|11,20;Andrés Gómez|8,30;Neymar|7,80;Carlos Vinícius|2,80;Arthur Cabral|11,70;Flaco López|3,80;Flaco López|9,50;Viveros|1,60;Neymar|10,50;Neymar|3,90;Carlos Vinícius|16,90;Pedro|20,40;Pedro|18,80;Gabriel|2,00;Pedro|1,90;Pedro Rocha|9,60;Viveros|7,40;Neymar|0,00
2978538;Ziquiriguidum FC;Borré|2,40;Kaio Jorge|4,90;Hulk|14,70;Lucas Ronier|11,40;Luciano|9,80;Flaco López|12,70;Pedro|0,00;Andrés Gómez|8,30;Kaio Jorge|8,80;Andrés Gómez|1,60;Viveros|11,40;Flaco López|3,80;Viveros|21,10;Viveros|1,60;Flaco López|4,40;Neymar|3,90;Pedro|2,10;Viveros|10,90;Pedro|18,80;Viveros|19,20;Pedro|1,90;Kaio Jorge|8,50;Viveros|7,40;Neymar|0,00
