posicao;time;pontos;rodadas;time_id
1;Sport Club Pé Torto;455,70;30;3507811
2;Estopim;444,75;30;25279461
3;Benfica Portugal;438,30;30;25377957
4;GARCIA_SCCP_1910;427,95;30;26507394
5;We have Mundial ;426,45;30;44815245
6;zeca do gueto;414,45;30;27264592
7;JOJOBA1976 ;413,25;30;47656429
8;Só de boa FC;412,20;30;67773
9;CamargoLeme FC;411,75;30;14377797
10;MOUSE FUTEBOL E CATCHUP;411,75;30;18988681
11;AVATAR DU;410,85;30;748095
12;Avatarzinho;410,85;30;7284346
13;ACTIVA EXPRESS F C;410,40;30;47807789
14;PUROMALTISS F.S;401,70;30;336993
15;PegaessepasseF.C.;398,85;30;29031465
16;Wife's Team;398,55;30;2238
17;Estat_FC;396,00;30;14994410
18;Barcelusa 2022;393,00;30;28698884
19;Aranha Timão;392,40;30;1021009
20;Bruno Cavalo FC;389,70;30;2965879
21;Alcalyon ;388,95;30;48377946
22;Don Cartolone F.C.;382,65;30;4004636
23;PegCa;381,45;30;2864056
24;Aquila(tricolor)1993;381,15;30;49359599
25;Mik@ Pedroso fc;374,85;30;51044905
26;Tuliooo Futebol Clube.....;374,10;30;698601
27;LOUCOS POR PINGA F.C;373,35;30;2159340
28;FAMÍLIA SAÚDE FC;372,75;30;796608
29;ParmeirinhaFCBr;372,60;30;22247745
30;Vipper Team;372,60;30;1975
31;Vicentis.Vangogh FC;372,30;30;27705915
32;BruxoVerde;370,95;30;84327
33;Araraquara c1ube;370,50;30;944071
34;ZekaLhp FC;368,55;30;29279489
35;mikatuba fc;365,55;30;25276259
36;Ziquiriguidum FC;359,25;30;2978538
37;Atlético di Ferrari's;351,00;30;29223116
38;Vila Clara City R11;351,00;30;806949
39;Corsa de Vigo 2017;350,55;30;28650856
40;Masayuki Tateoka FC;340,65;30;13955378
41;mansaoDosBons;334,20;30;9391447
42;Monster Fut F.C;333,75;30;2529723
43;AcessoNegado FC;325,50;30;28448371
44;Febre do Porco;316,95;30;13910119
45;Canalhas Jabaquara F.C.;310,20;30;5374749
46;Suely68;301,65;30;50270999
47;Os Cozidos Do Jabuca Tradicao Cartoleiro;271,95;30;50263746
48;Sc Vai segurando -0.23 tradição malandro;241,35;30;499851
49;Vila Campestre 1987;205,80;30;29995515
50;Pelé é gol de videogame ;57,45;30;28045697
