posicao;time;patrimonio;rodada;time_id
1;BruxoVerde;184,98;29;84327
2;Suely68;180,17;29;50270999
3;Estat_FC;163,13;29;14994410
4;Bruno Cavalo FC;160,96;29;2965879
5;zeca do gueto;160,34;29;27264592
6;Benfica Portugal;160,21;29;25377957
7;Barcelusa 2022;159,80;29;28698884
8;Tuliooo Futebol Clube.....;158,55;29;698601
9;MOUSE FUTEBOL E CATCHUP;157,82;29;18988681
10;CamargoLeme FC;154,35;29;14377797
11;AVATAR DU;154,22;29;748095
12;Vicentis.Vangogh FC;153,99;29;27705915
13;Wife's Team;153,46;29;2238
14;Vipper Team;152,75;29;1975
15;LOUCOS POR PINGA F.C;151,78;29;2159340
16;PegCa;151,21;29;2864056
17;Avatarzinho;150,87;29;7284346
18;Corsa de Vigo 2017;149,99;29;28650856
19;Ziquiriguidum FC;148,47;29;2978538
20;PegaessepasseF.C.;148,39;29;29031465
21;ParmeirinhaFCBr;146,61;29;22247745
22;ZekaLhp FC;146,42;29;29279489
23;Estopim;145,56;29;25279461
24;Mik@ Pedroso fc;145,16;29;51044905
25;Masayuki Tateoka FC;144,50;29;13955378
26;mikatuba fc;144,04;29;25276259
27;Aquila(tricolor)1993;143,96;29;49359599
28;Don Cartolone F.C.;143,88;29;4004636
29;Os Cozidos Do Jabuca Tradicao Cartoleiro;143,16;29;50263746
30;Vila Clara City R11;142,34;29;806949
31;Aranha Timão;142,29;29;1021009
32;Araraquara c1ube;141,98;29;944071
33;We have Mundial ;141,22;29;44815245
34;GARCIA_SCCP_1910;141,21;29;26507394
35;JOJOBA1976 ;140,35;29;47656429
36;Só de boa FC;140,34;29;67773
37;Sport Club Pé Torto;139,01;29;3507811
38;Canalhas Jabaquara F.C.;137,87;29;5374749
39;Atlético di Ferrari's;136,07;29;29223116
40;ACTIVA EXPRESS F C;134,94;29;47807789
41;Alcalyon ;132,32;29;48377946
42;Febre do Porco;130,23;29;13910119
43;PUROMALTISS F.S;128,97;29;336993
44;AcessoNegado FC;127,08;29;28448371
45;Monster Fut F.C;120,58;29;2529723
46;FAMÍLIA SAÚDE FC;117,16;29;796608
47;mansaoDosBons;115,53;29;9391447
48;Sc Vai segurando -0.23 tradição malandro;108,20;29;499851
49;Pelé é gol de videogame ;102,00;29;28045697
50;Vila Campestre 1987;100,36;29;29995515
