mes;posicao;time;pontos;rodadas;situacao;time_id
Agosto;1;Benfica Portugal;408,55;4;fechado;25377957
Agosto;2;Barcelusa 2022;405,58;4;fechado;28698884
Agosto;3;Tuliooo Futebol Clube.....;395,46;4;fechado;698601
Agosto;4;PegCa;389,34;4;fechado;2864056
Agosto;5;BruxoVerde;388,81;4;fechado;84327
Agosto;6;CamargoLeme FC;387,05;4;fechado;14377797
Agosto;7;AVATAR DU;384,93;4;fechado;748095
Agosto;8;Avatarzinho;383,63;4;fechado;7284346
Agosto;9;Wife's Team;382,28;4;fechado;2238
Agosto;10;Estopim;381,26;4;fechado;25279461
Agosto;11;ParmeirinhaFCBr;377,65;4;fechado;22247745
Agosto;12;Aranha Timão;376,76;4;fechado;1021009
Agosto;13;zeca do gueto;373,91;4;fechado;27264592
Agosto;14;Don Cartolone F.C.;373,16;4;fechado;4004636
Agosto;15;Vicentis.Vangogh FC;373,07;4;fechado;27705915
Agosto;16;ACTIVA EXPRESS F C;372,45;4;fechado;47807789
Agosto;17;Bruno Cavalo FC;370,02;4;fechado;2965879
Agosto;18;MOUSE FUTEBOL E CATCHUP;368,56;4;fechado;18988681
Agosto;19;LOUCOS POR PINGA F.C;365,35;4;fechado;2159340
Agosto;20;Vipper Team;364,63;4;fechado;1975
Agosto;21;Mik@ Pedroso fc;363,47;4;fechado;51044905
Agosto;22;GARCIA_SCCP_1910;359,20;4;fechado;26507394
Agosto;23;Ziquiriguidum FC;358,13;4;fechado;2978538
Agosto;24;Vila Clara City R11;352,84;4;fechado;806949
Agosto;25;ZekaLhp FC;352,71;4;fechado;29279489
Agosto;26;Aquila(tricolor)1993;350,86;4;fechado;49359599
Agosto;27;Estat_FC;350,86;4;fechado;14994410
Agosto;28;PegaessepasseF.C.;349,35;4;fechado;29031465
Agosto;29;mikatuba fc;347,83;4;fechado;25276259
Agosto;30;Alcalyon ;345,83;4;fechado;48377946
Agosto;31;Suely68;341,06;4;fechado;50270999
Agosto;32;Só de boa FC;339,56;4;fechado;67773
Agosto;33;AcessoNegado FC;335,55;4;fechado;28448371
Agosto;34;Masayuki Tateoka FC;333,68;4;fechado;13955378
Agosto;35;Canalhas Jabaquara F.C.;332,79;4;fechado;5374749
Agosto;36;Corsa de Vigo 2017;330,56;4;fechado;28650856
Agosto;37;Araraquara c1ube;330,51;4;fechado;944071
Agosto;38;We have Mundial ;328,23;4;fechado;44815245
Agosto;39;Sport Club Pé Torto;326,54;4;fechado;3507811
Agosto;40;Atlético di Ferrari's;324,08;4;fechado;29223116
Agosto;41;Monster Fut F.C;316,77;4;fechado;2529723
Agosto;42;JOJOBA1976 ;316,28;4;fechado;47656429
Agosto;43;mansaoDosBons;306,81;4;fechado;9391447
Agosto;44;PUROMALTISS F.S;281,66;4;fechado;336993
Agosto;45;FAMÍLIA SAÚDE FC;276,44;4;fechado;796608
Agosto;46;Febre do Porco;256,59;4;fechado;13910119
Agosto;47;Os Cozidos Do Jabuca Tradicao Cartoleiro;222,69;4;fechado;50263746
Agosto;48;Sc Vai segurando -0.23 tradição malandro;188,95;4;fechado;499851
Agosto;49;Vila Campestre 1987;175,71;4;fechado;29995515
Agosto;50;Pelé é gol de videogame ;150,45;4;fechado;28045697
Setembro;1;Barcelusa 2022;293,41;3;fechado;28698884
Setembro;2;mansaoDosBons;280,65;3;fechado;9391447
Setembro;3;Bruno Cavalo FC;279,36;3;fechado;2965879
Setembro;4;LOUCOS POR PINGA F.C;275,56;3;fechado;2159340
Setembro;5;Vipper Team;271,77;3;fechado;1975
Setembro;6;Estopim;268,41;3;fechado;25279461
Setembro;7;JOJOBA1976 ;268,35;3;fechado;47656429
Setembro;8;Benfica Portugal;267,41;3;fechado;25377957
Setembro;9;CamargoLeme FC;265,11;3;fechado;14377797
Setembro;10;Aquila(tricolor)1993;263,91;3;fechado;49359599
Setembro;11;Tuliooo Futebol Clube.....;258,42;3;fechado;698601
Setembro;12;Wife's Team;257,56;3;fechado;2238
Setembro;13;Aranha Timão;254,38;3;fechado;1021009
Setembro;14;mikatuba fc;252,81;3;fechado;25276259
Setembro;15;Vila Clara City R11;252,72;3;fechado;806949
Setembro;16;ParmeirinhaFCBr;249,27;3;fechado;22247745
Setembro;17;GARCIA_SCCP_1910;249,06;3;fechado;26507394
Setembro;18;ACTIVA EXPRESS F C;248,30;3;fechado;47807789
Setembro;19;PegCa;247,36;3;fechado;2864056
Setembro;20;MOUSE FUTEBOL E CATCHUP;247,02;3;fechado;18988681
Setembro;21;BruxoVerde;243,12;3;fechado;84327
Setembro;22;zeca do gueto;243,08;3;fechado;27264592
Setembro;23;Estat_FC;243,02;3;fechado;14994410
Setembro;24;Suely68;242,12;3;fechado;50270999
Setembro;25;AVATAR DU;239,51;3;fechado;748095
Setembro;26;Avatarzinho;239,51;3;fechado;7284346
Setembro;27;Don Cartolone F.C.;238,16;3;fechado;4004636
Setembro;28;Sport Club Pé Torto;237,76;3;fechado;3507811
Setembro;29;Mik@ Pedroso fc;237,66;3;fechado;51044905
Setembro;30;FAMÍLIA SAÚDE FC;237,28;3;fechado;796608
Setembro;31;ZekaLhp FC;236,27;3;fechado;29279489
Setembro;32;Corsa de Vigo 2017;235,07;3;fechado;28650856
Setembro;33;Ziquiriguidum FC;232,67;3;fechado;2978538
Setembro;34;Atlético di Ferrari's;231,55;3;fechado;29223116
Setembro;35;Canalhas Jabaquara F.C.;228,66;3;fechado;5374749
Setembro;36;Araraquara c1ube;227,67;3;fechado;944071
Setembro;37;Só de boa FC;227,01;3;fechado;67773
Setembro;38;PUROMALTISS F.S;226,09;3;fechado;336993
Setembro;39;PegaessepasseF.C.;225,83;3;fechado;29031465
Setembro;40;Vicentis.Vangogh FC;220,96;3;fechado;27705915
Setembro;41;Febre do Porco;220,22;3;fechado;13910119
Setembro;42;Masayuki Tateoka FC;209,51;3;fechado;13955378
Setembro;43;AcessoNegado FC;208,30;3;fechado;28448371
Setembro;44;We have Mundial ;208,00;3;fechado;44815245
Setembro;45;Alcalyon ;206,97;3;fechado;48377946
Setembro;46;Monster Fut F.C;191,42;3;fechado;2529723
Setembro;47;Os Cozidos Do Jabuca Tradicao Cartoleiro;164,43;3;fechado;50263746
Setembro;48;Pelé é gol de videogame ;144,16;3;fechado;28045697
Setembro;49;Vila Campestre 1987;143,85;3;fechado;29995515
Setembro;50;Sc Vai segurando -0.23 tradição malandro;141,54;3;fechado;499851
Outubro;1;Masayuki Tateoka FC;138,56;1;parcial;13955378
Outubro;2;Bruno Cavalo FC;135,22;1;parcial;2965879
Outubro;3;Benfica Portugal;130,06;1;parcial;25377957
Outubro;4;Ziquiriguidum FC;130,01;1;parcial;2978538
Outubro;5;Suely68;125,81;1;parcial;50270999
Outubro;6;PegaessepasseF.C.;125,54;1;parcial;29031465
Outubro;7;BruxoVerde;125,06;1;parcial;84327
Outubro;8;Barcelusa 2022;124,86;1;parcial;28698884
Outubro;9;Estat_FC;121,86;1;parcial;14994410
Outubro;10;Aranha Timão;121,82;1;parcial;1021009
Outubro;11;ZekaLhp FC;118,42;1;parcial;29279489
Outubro;12;Araraquara c1ube;112,92;1;parcial;944071
Outubro;13;MOUSE FUTEBOL E CATCHUP;111,61;1;parcial;18988681
Outubro;14;mikatuba fc;111,37;1;parcial;25276259
Outubro;15;GARCIA_SCCP_1910;109,54;1;parcial;26507394
Outubro;16;PegCa;108,36;1;parcial;2864056
Outubro;17;Sport Club Pé Torto;107,57;1;parcial;3507811
Outubro;18;Atlético di Ferrari's;106,85;1;parcial;29223116
Outubro;19;JOJOBA1976 ;105,56;1;parcial;47656429
Outubro;20;LOUCOS POR PINGA F.C;105,46;1;parcial;2159340
Outubro;21;Só de boa FC;104,31;1;parcial;67773
Outubro;22;Monster Fut F.C;103,52;1;parcial;2529723
Outubro;23;Vicentis.Vangogh FC;103,26;1;parcial;27705915
Outubro;24;CamargoLeme FC;101,76;1;parcial;14377797
Outubro;25;Estopim;100,76;1;parcial;25279461
Outubro;26;Tuliooo Futebol Clube.....;100,44;1;parcial;698601
Outubro;27;Corsa de Vigo 2017;100,26;1;parcial;28650856
Outubro;28;Alcalyon ;99,66;1;parcial;48377946
Outubro;29;FAMÍLIA SAÚDE FC;99,46;1;parcial;796608
Outubro;30;ACTIVA EXPRESS F C;99,37;1;parcial;47807789
Outubro;31;Mik@ Pedroso fc;99,36;1;parcial;51044905
Outubro;32;Don Cartolone F.C.;98,22;1;parcial;4004636
Outubro;33;Aquila(tricolor)1993;95,94;1;parcial;49359599
Outubro;34;Febre do Porco;93,17;1;parcial;13910119
Outubro;35;zeca do gueto;92,32;1;parcial;27264592
Outubro;36;AcessoNegado FC;91,57;1;parcial;28448371
Outubro;37;Vipper Team;91,26;1;parcial;1975
Outubro;38;AVATAR DU;89,36;1;parcial;748095
Outubro;39;Avatarzinho;89,36;1;parcial;7284346
Outubro;40;Os Cozidos Do Jabuca Tradicao Cartoleiro;88,82;1;parcial;50263746
Outubro;41;Wife's Team;88,26;1;parcial;2238
Outubro;42;PUROMALTISS F.S;86,82;1;parcial;336993
Outubro;43;ParmeirinhaFCBr;84,52;1;parcial;22247745
Outubro;44;We have Mundial ;81,31;1;parcial;44815245
Outubro;45;Vila Clara City R11;78,87;1;parcial;806949
Outubro;46;mansaoDosBons;78,77;1;parcial;9391447
Outubro;47;Vila Campestre 1987;66,70;1;parcial;29995515
Outubro;48;Sc Vai segurando -0.23 tradição malandro;66,05;1;parcial;499851
Outubro;49;Canalhas Jabaquara F.C.;41,15;1;parcial;5374749
Outubro;50;Pelé é gol de videogame ;36,93;1;parcial;28045697
