time_id;nome_time;R1;R2;R3;R4;R5;R6;R7;R8;R9;R10;R11;R12;R13;R14;R15;R16;R17;R18;R19;R20;R21;R22;R23;R24;R25;total;rodadas
28448371;AcessoNegado FC;51,71;61,40;40,31;63,68;49,37;42,64;52,02;31,00;37,48;59,58;71,08;61,60;93,84;64,85;51,25;69,85;62,77;90,55;117,37;81,83;60,41;69,70;66,10;107,30;92,45;1650,14;25
47807789;ACTIVA EXPRESS F C;55,37;68,74;76,34;36,36;65,29;70,60;62,22;93,45;80,38;51,88;75,98;76,10;106,85;63,85;35,18;85,09;82,45;105,15;94,64;68,93;91,46;86,70;66,67;106,10;112,98;1918,76;25
28174756;Adm's Liga Falcões do Cartola;78,56;93,18;71,06;67,58;88,72;70,52;56,56;79,55;77,29;61,37;95,16;86,10;124,19;53,95;60,43;82,09;85,22;113,05;116,18;105,51;89,35;67,76;81,17;110,07;110,49;2125,11;25
48377946;Alcalyon ;67,71;77,05;74,71;70,05;112,02;62,90;89,97;57,45;76,18;59,17;101,71;69,90;66,04;70,28;50,45;77,59;92,66;101,00;83,67;97,51;66,19;80,90;67,77;114,17;82,19;1969,24;25
49359599;Aquila(tricolor)1993;72,96;72,60;78,56;89,55;80,72;82,11;52,27;75,95;92,44;61,47;104,06;76,40;112,79;52,08;72,52;72,28;78,42;118,45;127,98;98,41;79,95;81,61;65,55;97,37;106,33;2102,83;25
1021009;Aranha Timão;68,71;95,90;90,56;48,18;84,52;76,61;57,77;72,95;78,83;50,97;86,06;63,45;119,44;65,08;55,75;83,60;75,37;98,20;131,78;105,61;79,25;82,46;70,17;131,50;92,63;2065,35;25
944071;Araraquara c1ube;66,45;97,38;84,86;73,40;55,50;73,00;80,77;59,76;93,16;38,29;86,11;98,95;112,29;54,45;60,42;56,98;75,72;108,00;115,38;115,61;92,26;84,76;51,01;107,87;86,87;2029,25;25
29223116;Atlético di Ferrari's;77,30;84,90;62,61;67,73;77,92;73,54;76,47;65,65;73,66;45,25;93,56;48,30;109,54;57,10;52,35;51,86;57,72;106,03;132,10;107,18;90,10;67,71;67,32;95,22;93,83;1934,95;25
748095;AVATAR DU;43,56;78,18;87,16;42,56;70,86;64,75;72,54;76,35;84,04;58,47;91,56;81,95;106,19;57,75;41,82;78,89;69,32;136,25;111,08;108,61;81,75;94,26;76,77;113,17;100,73;2028,57;25
7284346;Avatarzinho;43,56;78,18;87,16;42,56;70,86;64,75;72,54;76,35;71,64;58,47;91,56;81,95;106,19;57,75;41,82;78,09;69,32;136,25;111,08;89,91;81,25;92,96;76,77;113,17;100,73;1994,87;25
28698884;Barcelusa 2022;76,50;102,58;88,66;77,95;90,92;70,50;51,07;76,45;96,34;57,19;80,06;82,90;107,69;47,28;62,63;78,78;59,42;111,65;117,48;107,81;80,80;72,41;69,87;140,67;122,63;2130,24;25
25377957;Benfica Portugal;76,16;90,68;89,66;90,55;96,52;81,62;73,47;76,45;97,78;60,59;85,76;51,28;112,84;47,28;61,02;68,38;69,32;135,35;118,48;112,91;89,30;87,41;86,94;116,37;117,83;2193,95;25
2965879;Bruno Cavalo FC;74,70;79,98;76,36;83,55;84,95;74,11;57,87;74,65;112,63;67,79;93,16;74,30;110,59;46,48;56,43;65,53;70,42;116,55;122,98;104,16;79,35;82,95;73,57;108,57;104,93;2096,56;25
29269714;Bruno Cavalofc;68,36;69,03;82,31;62,85;117,12;75,82;95,96;71,65;80,70;50,89;96,56;92,88;104,59;75,93;43,52;60,88;80,52;134,65;107,48;75,06;54,26;77,51;78,05;114,37;105,33;2076,28;25
84327;BruxoVerde;73,70;60,38;117,36;87,35;99,62;74,52;70,44;82,75;77,14;53,29;103,46;96,61;95,39;68,98;72,33;80,39;61,42;141,15;122,98;108,41;82,65;81,46;93,85;108,57;104,93;2219,13;25
14377797;CamargoLeme FC;52,86;82,18;105,76;82,75;93,02;82,45;83,07;76,45;85,85;58,09;88,76;86,66;106,39;55,07;63,75;73,08;65,62;111,65;126,98;112,51;91,85;77,61;83,07;112,54;113,83;2171,85;25
5374749;Canalhas Jabaquara F.C.;69,60;68,00;36,25;53,35;78,92;67,11;67,12;64,45;70,48;51,65;82,86;70,40;107,74;47,94;42,55;109,65;92,81;103,70;127,98;96,28;77,95;73,36;65,55;87,55;106,33;1919,58;25
28650856;Corsa de Vigo 2017;61,96;92,50;93,86;93,55;90,52;81,62;81,66;76,45;97,78;57,99;80,06;51,28;122,29;46,28;63,45;68,38;71,52;111,65;129,88;98,23;96,70;59,01;48,35;118,97;104,23;2098,17;25
2696056;De Marinha F.C;76,50;101,00;88,66;77,95;90,92;70,50;58,56;76,45;97,58;60,59;85,76;71,50;113,89;51,98;64,92;73,18;65,62;114,25;123,58;105,01;98,03;77,61;86,94;122,77;112,03;2165,78;25
4004636;Don Cartolone F.C.;60,56;82,98;92,00;102,30;77,57;49,62;54,26;84,85;68,13;62,77;88,86;67,70;116,29;49,18;62,53;73,10;67,02;119,20;119,08;96,76;85,40;58,71;77,85;130,57;106,03;2053,32;25
29144677;E.C. Pedro Riva;43,86;73,50;74,41;67,03;67,67;47,30;77,12;87,35;60,23;58,95;83,56;104,60;83,24;51,26;52,00;66,88;66,52;130,55;128,98;115,40;55,45;72,71;53,45;125,47;94,33;1941,82;25
14994410;Estat_FC;74,70;78,60;107,26;111,20;101,02;76,50;94,87;92,80;72,38;56,69;87,06;77,85;98,09;70,15;57,15;68,78;86,72;100,00;123,08;122,21;63,41;81,81;70,75;105,27;93,03;2171,38;25
25279461;Estopim;79,46;89,30;90,56;70,55;65,02;55,95;48,67;94,95;99,76;55,65;94,65;58,35;117,29;56,51;30,32;62,24;73,22;136,80;139,18;99,81;89,30;80,51;76,25;122,87;101,63;2088,80;25
796608;FAMÍLIA SAÚDE FC;62,95;53,28;70,76;61,80;73,76;67,51;40,27;91,50;94,76;32,90;79,78;75,32;64,74;65,93;45,60;69,89;72,87;120,00;62,83;94,91;47,96;70,95;53,57;68,02;83,90;1725,76;25
13910119;Febre do Porco;83,00;81,28;75,56;81,35;80,35;59,80;45,97;61,10;81,34;71,87;52,66;75,65;117,29;71,98;44,45;66,05;82,62;99,00;123,78;92,61;61,75;57,95;41,97;99,87;55,20;1864,45;25
29005848;fiel Mikimba fc;57,72;70,58;79,41;39,65;42,67;47,40;86,97;48,10;45,44;35,82;51,00;50,05;86,94;33,81;56,97;86,79;78,12;94,10;72,12;76,60;68,90;93,05;64,90;65,51;83,90;1616,52;25
26507394;GARCIA_SCCP_1910;64,90;73,28;94,26;70,60;90,92;78,52;84,77;66,95;58,24;47,69;89,36;75,95;97,99;56,39;42,45;50,58;77,02;123,55;127,44;106,51;76,91;67,90;53,97;118,50;118,83;2013,48;25
47656429;JOJOBA1976 ;47,61;58,38;89,94;59,79;67,31;75,00;54,87;79,85;66,58;67,45;99,43;48,40;83,25;62,44;57,15;56,14;96,05;110,95;100,25;92,51;76,53;66,44;39,80;112,21;97,03;1865,36;25
3167098;JUVENIL 15;65,56;76,24;91,71;85,55;90,11;70,90;78,01;78,02;84,84;68,09;60,36;82,35;107,72;57,45;61,38;85,10;68,62;110,60;104,68;66,86;72,20;73,81;77,87;122,30;94,28;2034,61;25
44775176;LeomachadoSC;64,50;79,80;90,66;77,73;90,27;79,40;77,97;67,08;92,84;58,29;86,66;61,26;112,09;73,98;58,15;82,40;84,22;116,75;141,98;115,01;85,90;72,71;67,17;123,97;110,03;2170,82;25
2159340;LOUCOS POR PINGA F.C;41,66;69,78;91,66;28,75;61,11;64,16;39,97;84,95;113,14;61,77;81,91;113,70;104,64;62,98;60,60;67,18;80,87;108,70;113,44;119,31;91,25;70,06;73,77;123,37;98,15;2026,88;25
9391447;mansaoDosBons;63,20;78,34;62,84;24,80;84,54;74,80;67,67;67,46;75,23;55,43;70,38;85,29;96,93;58,13;65,55;69,75;67,60;32,47;81,57;64,48;85,96;62,90;59,55;102,21;82,15;1739,23;25
13955378;Masayuki Tateoka FC;72,60;79,18;87,16;92,65;106,90;72,52;86,67;67,55;79,84;57,49;97,16;64,30;81,69;55,75;52,55;58,95;80,42;130,61;123,98;101,91;74,15;67,81;57,17;104,17;104,53;2057,71;25
51044905;Mik@ Pedroso fc;74,56;70,40;95,96;99,40;90,37;64,52;89,26;67,25;84,54;43,09;90,56;81,70;131,99;54,75;52,23;94,44;87,22;104,25;122,98;109,61;90,45;89,81;66,85;107,62;99,19;2163,00;25
8627629;mika Do pedroso fc;62,85;53,60;75,76;76,03;58,52;45,41;67,57;76,45;89,08;51,97;82,56;68,65;91,34;76,63;44,85;74,29;69,12;103,35;76,02;82,81;98,50;69,11;50,15;105,47;78,70;1828,79;25
25276259;mikatuba fc;63,35;67,68;100,86;99,55;91,52;77,51;73,36;77,65;74,34;53,67;86,16;71,35;121,29;77,68;64,93;84,48;67,47;101,90;119,88;81,01;85,05;60,81;72,42;106,62;100,58;2081,12;25
2529723;Monster Fut F.C;47,41;70,00;82,26;64,65;85,27;64,51;76,71;79,95;64,59;72,97;95,86;61,45;103,74;77,55;45,62;53,39;76,02;96,35;51,74;82,21;96,10;71,71;66,85;96,52;81,69;1865,12;25
18988681;MOUSE FUTEBOL E CATCHUP;64,90;81,60;92,41;87,10;107,27;77,05;78,07;81,80;93,80;48,20;92,06;76,36;121,64;57,68;58,00;58,05;80,95;122,65;104,98;116,01;65,50;77,36;74,05;125,97;91,18;2134,64;25
7939743;Oozma Kappa Ror FC;67,46;95,38;82,76;71,60;111,67;72,52;77,67;78,05;85,04;68,37;83,66;84,40;106,39;55,65;62,13;71,88;69,72;110,45;127,58;102,21;88,05;87,31;83,07;129,97;109,03;2182,02;25
50263746;Os Cozidos Do Jabuca Tradicao Cartoleiro;84,35;67,80;89,01;25,80;45,62;86,50;67,21;64,60;79,78;30,12;83,18;58,88;95,96;65,91;68,30;52,94;89,62;84,25;113,13;69,67;47,53;73,10;52,40;62,00;32,49;1690,15;25
22247745;ParmeirinhaFCBr;94,70;77,80;74,51;62,05;88,37;66,35;76,17;74,10;80,88;55,09;74,88;103,84;98,39;50,35;34,55;79,98;70,22;125,34;119,38;76,06;67,35;75,30;79,55;112,57;110,23;2028,01;25
29031465;PegaessepasseF.C.;69,46;72,04;70,24;50,56;58,24;79,56;68,17;78,05;72,78;35,78;84,76;91,30;126,94;57,93;41,27;71,65;62,41;93,75;111,73;115,91;87,24;63,20;80,95;102,37;102,83;1949,12;25
2864056;PegCa;82,81;68,08;83,36;61,95;83,60;49,76;59,27;68,08;89,28;49,67;68,06;65,55;119,89;93,14;58,35;53,50;94,35;101,05;121,98;109,11;84,95;87,31;86,32;101,88;113,83;2055,13;25
28045697;Pelé é gol de videogame ;47,92;39,19;29,31;10,86;14,69;26,66;16,47;35,83;34,46;23,87;30,81;46,82;23,61;20,53;68,29;38,54;29,10;30,71;24,37;36,55;32,25;31,85;24,41;62,04;25,70;804,84;25
336993;PUROMALTISS F.S;60,56;74,40;95,56;82,00;81,57;77,46;56,66;98,35;73,64;45,47;85,76;78,40;121,89;48,13;58,93;73,08;83,62;97,50;122,78;81,41;58,50;61,21;61,85;72,82;85,78;1937,33;25
25311310;Real Memphis SCCP;51,51;78,28;75,56;56,83;64,22;101,39;88,94;90,73;64,01;34,57;53,28;76,82;66,81;73,36;67,25;87,70;37,91;46,10;46,84;117,61;90,85;77,96;55,04;56,13;61,09;1720,79;25
28029518;Roberta Inocêncio F. C.;81,10;79,98;81,76;64,05;89,77;75,60;65,06;76,45;84,88;66,09;93,76;69,68;105,44;42,08;57,72;93,39;70,65;126,10;120,28;96,01;83,35;77,61;75,49;119,38;97,29;2092,97;25
3371353;robson gigante da colina.fc;52,90;104,38;91,55;102,76;98,42;62,71;65,17;80,35;77,88;42,57;82,76;78,90;122,29;44,85;44,00;72,63;66,02;95,45;108,68;111,81;69,34;52,31;55,37;95,31;83,70;1962,11;25
7065998;ROLF - SP23;72,41;72,60;69,44;75,68;85,90;83,40;91,97;67,85;75,36;62,48;61,11;85,50;93,14;84,55;62,77;56,48;70,00;97,10;103,68;106,31;80,45;57,40;45,05;93,50;93,70;1947,83;25
51059653;Rua Alba FS;55,95;85,50;67,90;67,90;35,40;46,45;29,20;35,85;30,95;21,40;34,50;33,50;63,05;44,80;40,60;26,55;27,85;16,90;6,60;12,60;9,30;38,45;29,45;60,60;24,50;945,75;25
48497302;sapo59@;48,59;77,60;77,60;22,70;38,20;50,71;53,47;60,85;64,50;49,57;62,23;32,35;40,36;81,03;37,35;58,40;22,35;97,30;64,16;104,06;63,50;50,70;57,86;103,20;77,50;1496,14;25
499851;Sc Vai segurando -0.23 tradição malandro;65,65;25,76;74,20;46,45;43,01;40,40;68,52;22,41;60,88;50,40;54,83;75,85;76,44;37,95;50,58;52,09;58,96;50,58;72,50;27,11;58,40;41,84;44,66;71,40;31,05;1301,92;25
67773;Só de boa FC;76,16;98,78;89,66;90,55;96,52;69,42;80,87;76,45;97,78;60,59;84,56;51,28;112,84;47,88;62,05;68,38;65,62;122,65;125,58;111,01;75,41;77,41;45,35;114,27;102,53;2103,60;25
3507811;Sport Club Pé Torto;58,00;77,50;79,66;59,30;98,31;70,91;68,71;64,00;81,75;55,65;99,56;77,70;120,74;42,53;61,20;62,80;102,45;99,45;114,88;105,21;85,20;75,36;68,85;109,78;60,07;1999,57;25
50270999;Suely68;82,35;84,14;65,59;54,34;79,14;54,16;71,48;62,96;89,39;41,00;65,60;71,38;42,04;82,73;64,64;79,74;77,45;106,80;104,37;80,01;70,71;82,11;63,05;102,87;93,03;1871,08;25
302297;Timão RIVA UFC;41,71;71,10;94,74;69,63;23,35;44,64;59,37;84,95;76,03;53,65;72,21;73,80;78,74;54,54;65,40;89,14;69,62;90,60;137,88;94,51;73,15;60,65;59,35;108,70;97,63;1845,09;25
698601;Tuliooo Futebol Clube.....;61,46;104,78;93,16;76,75;101,62;67,51;65,27;72,45;93,16;69,37;86,36;87,10;113,79;66,65;39,23;91,29;64,42;144,40;125,38;109,51;95,73;83,31;70,05;130,07;112,03;2224,85;25
18600106;Um time que não tem nome F.c.;56,16;71,98;83,76;36,36;71,21;57,69;45,07;95,94;72,59;38,55;56,16;42,10;106,14;37,05;69,00;55,66;67,70;119,55;134,98;95,22;97,89;77,66;87,85;107,27;54,85;1838,39;25
27705915;Vicentis.Vangogh FC;58,56;88,18;100,56;87,35;97,52;61,11;58,66;79,25;66,50;47,99;90,06;70,80;111,44;55,33;60,13;68,63;71,42;111,55;134,78;116,11;91,90;85,46;62,05;123,67;101,89;2100,90;25
29995515;Vila Campestre 1987;47,00;37,55;20,05;1,00;37,92;55,17;72,07;47,75;80,75;34,23;66,39;58,32;47,61;40,01;43,90;25,74;73,11;31,38;44,28;13,98;46,54;62,75;48,90;28,32;35,74;1100,46;25
806949;Vila Clara City R11;43,50;70,20;73,74;42,55;85,02;64,25;74,27;80,45;97,28;39,67;86,41;62,65;87,79;69,34;51,20;78,28;70,52;100,90;105,84;93,71;73,21;80,76;49,65;121,50;100,93;1903,62;25
1975;Vipper Team;86,05;96,38;73,76;65,88;90,12;70,06;67,47;73,35;83,46;55,29;92,66;85,00;100,69;56,24;52,80;59,65;75,22;128,85;98,88;114,71;87,65;86,41;61,77;126,17;90,28;2078,80;25
44815245;We have Mundial ;82,86;64,97;59,45;64,58;94,80;59,09;68,37;67,85;67,51;64,55;84,86;72,30;119,09;65,64;70,08;85,48;65,82;102,35;113,18;112,25;94,13;74,46;60,01;111,72;80,84;2006,24;25
2238;Wife's Team;52,45;69,23;75,66;70,45;87,69;55,01;57,67;73,84;83,33;56,08;89,06;87,39;110,94;70,13;49,25;74,68;85,52;109,85;141,38;113,31;94,75;91,16;72,77;118,97;99,38;2089,95;25
27264592;zeca do gueto;78,56;81,70;78,86;60,30;81,92;69,56;52,17;57,45;105,14;44,57;108,76;72,88;112,54;69,45;37,53;73,74;78,17;119,45;109,18;111,41;82,68;77,01;94,74;110,17;91,99;2059,93;25
29279489;ZekaLhp FC;71,66;58,08;93,36;50,85;79,72;75,01;71,67;82,95;77,64;57,87;101,31;78,25;66,16;51,14;68,80;85,88;78,72;108,55;109,08;107,11;73,65;81,46;87,75;106,72;76,78;2000,17;25
2978538;Ziquiriguidum FC;74,90;78,60;107,26;80,95;99,87;74,81;90,21;74,10;62,18;50,69;69,79;76,95;98,09;68,85;61,25;71,60;83,32;97,79;126,68;124,81;70,71;78,01;74,25;125,97;80,17;2101,81;25
